customer_name,address,city,state,postal_code,email,phone_number,loan_id,loan_purpose,loan_amount,total_payable,loan_duration_months,interest_rate,reference_number,payment_date,installment_number,total_installments,payment_method,payment_amount,total_paid_to_date,remaining_balance,current_repayment_status,filename,pageNumber
Aurore Chinnick,19508 Atwood Circle,Alhambra,California,91841,achinnick7@washington.edu,626-554-1926,LOAN-0008,Home improvement,69017,170471.98,49,300%,TRX-LOAN-0008-001,11-10-2022,1,49,Bank Transfer,3479.02,3479.02,166992.96,Paid,CUST-0008_Aurore_Chinnick.pdf,1
Aurore Chinnick,19508 Atwood Circle,Alhambra,California,91841,achinnick7@washington.edu,626-554-1926,LOAN-0008,Home improvement,69017,170471.98,49,300%,TRX-LOAN-0008-002,11-11-2022,2,49,Auto Debit,3479.02,6958.04,163513.94,Paid,CUST-0008_Aurore_Chinnick.pdf,2
Aurore Chinnick,19508 Atwood Circle,Alhambra,California,91841,achinnick7@washington.edu,626-554-1926,LOAN-0008,Home improvement,69017,170471.98,49,300%,TRX-LOAN-0008-003,11-12-2022,3,49,Auto Debit,3479.02,10437.06,160034.92,Paid,CUST-0008_Aurore_Chinnick.pdf,3
Aurore Chinnick,19508 Atwood Circle,Alhambra,California,91841,achinnick7@washington.edu,626-554-1926,LOAN-0008,Home improvement,69017,170471.98,49,300%,TRX-LOAN-0008-004,11-01-2023,4,49,Bank Transfer,3479.02,13916.08,156555.9,Paid,CUST-0008_Aurore_Chinnick.pdf,4
Aurore Chinnick,19508 Atwood Circle,Alhambra,California,91841,achinnick7@washington.edu,626-554-1926,LOAN-0008,Home improvement,69017,170471.98,49,300%,TRX-LOAN-0008-005,13-02-2023,5,49,Auto Debit,3479.02,17395.1,153076.88,Paid,CUST-0008_Aurore_Chinnick.pdf,5
Aurore Chinnick,19508 Atwood Circle,Alhambra,California,91841,achinnick7@washington.edu,626-554-1926,LOAN-0008,Home improvement,69017,170471.98,49,300%,TRX-LOAN-0008-006,18-03-2023,6,49,Virtual Account,3479.02,20874.12,149597.86,Late,CUST-0008_Aurore_Chinnick.pdf,6
Aurore Chinnick,19508 Atwood Circle,Alhambra,California,91841,achinnick7@washington.edu,626-554-1926,LOAN-0008,Home improvement,69017,170471.98,49,300%,TRX-LOAN-0008-007,12-04-2023,7,49,Bank Transfer,3479.02,24353.14,146118.84,Paid,CUST-0008_Aurore_Chinnick.pdf,7
Aurore Chinnick,19508 Atwood Circle,Alhambra,California,91841,achinnick7@washington.edu,626-554-1926,LOAN-0008,Home improvement,69017,170471.98,49,300%,TRX-LOAN-0008-008,27-05-2023,8,49,Virtual Account,3479.02,27832.16,142639.82,Late,CUST-0008_Aurore_Chinnick.pdf,8
Aurore Chinnick,19508 Atwood Circle,Alhambra,California,91841,achinnick7@washington.edu,626-554-1926,LOAN-0008,Home improvement,69017,170471.98,49,300%,TRX-LOAN-0008-009,12-06-2023,9,49,Virtual Account,3479.02,31311.18,139160.8,Paid,CUST-0008_Aurore_Chinnick.pdf,9
Aurore Chinnick,19508 Atwood Circle,Alhambra,California,91841,achinnick7@washington.edu,626-554-1926,LOAN-0008,Home improvement,69017,170471.98,49,300%,TRX-LOAN-0008-010,14-07-2023,10,49,Auto Debit,3479.02,34790.2,135681.78,Paid,CUST-0008_Aurore_Chinnick.pdf,10
Aurore Chinnick,19508 Atwood Circle,Alhambra,California,91841,achinnick7@washington.edu,626-554-1926,LOAN-0008,Home improvement,69017,170471.98,49,300%,TRX-LOAN-0008-011,13-08-2023,11,49,Virtual Account,3479.02,38269.22,132202.76,Paid,CUST-0008_Aurore_Chinnick.pdf,11
Aurore Chinnick,19508 Atwood Circle,Alhambra,California,91841,achinnick7@washington.edu,626-554-1926,LOAN-0008,Home improvement,69017,170471.98,49,300%,TRX-LOAN-0008-012,15-09-2023,12,49,Auto Debit,3479.02,41748.24,128723.74,Paid,CUST-0008_Aurore_Chinnick.pdf,12
Aurore Chinnick,19508 Atwood Circle,Alhambra,California,91841,achinnick7@washington.edu,626-554-1926,LOAN-0008,Home improvement,69017,170471.98,49,300%,TRX-LOAN-0008-013,15-10-2023,13,49,Virtual Account,3479.02,45227.26,125244.72,Paid,CUST-0008_Aurore_Chinnick.pdf,13
Aurore Chinnick,19508 Atwood Circle,Alhambra,California,91841,achinnick7@washington.edu,626-554-1926,LOAN-0008,Home improvement,69017,170471.98,49,300%,TRX-LOAN-0008-014,11-11-2023,14,49,Auto Debit,3479.02,48706.28,121765.7,Paid,CUST-0008_Aurore_Chinnick.pdf,14
Aurore Chinnick,19508 Atwood Circle,Alhambra,California,91841,achinnick7@washington.edu,626-554-1926,LOAN-0008,Home improvement,69017,170471.98,49,300%,TRX-LOAN-0008-015,13-12-2023,15,49,Auto Debit,3479.02,52185.3,118286.68,Paid,CUST-0008_Aurore_Chinnick.pdf,15
Aurore Chinnick,19508 Atwood Circle,Alhambra,California,91841,achinnick7@washington.edu,626-554-1926,LOAN-0008,Home improvement,69017,170471.98,49,300%,TRX-LOAN-0008-016,11-01-2024,16,49,Virtual Account,3479.02,55664.32,114807.66,Paid,CUST-0008_Aurore_Chinnick.pdf,16
Aurore Chinnick,19508 Atwood Circle,Alhambra,California,91841,achinnick7@washington.edu,626-554-1926,LOAN-0008,Home improvement,69017,170471.98,49,300%,TRX-LOAN-0008-017,14-02-2024,17,49,Virtual Account,3479.02,59143.34,111328.64,Paid,CUST-0008_Aurore_Chinnick.pdf,17
Aurore Chinnick,19508 Atwood Circle,Alhambra,California,91841,achinnick7@washington.edu,626-554-1926,LOAN-0008,Home improvement,69017,170471.98,49,300%,TRX-LOAN-0008-018,11-03-2024,18,49,Virtual Account,3479.02,62622.36,107849.62,Paid,CUST-0008_Aurore_Chinnick.pdf,18
Aurore Chinnick,19508 Atwood Circle,Alhambra,California,91841,achinnick7@washington.edu,626-554-1926,LOAN-0008,Home improvement,69017,170471.98,49,300%,TRX-LOAN-0008-019,27-04-2024,19,49,Auto Debit,3479.02,66101.38,104370.6,Late,CUST-0008_Aurore_Chinnick.pdf,19
Aurore Chinnick,19508 Atwood Circle,Alhambra,California,91841,achinnick7@washington.edu,626-554-1926,LOAN-0008,Home improvement,69017,170471.98,49,300%,TRX-LOAN-0008-020,11-05-2024,20,49,Auto Debit,3479.02,69580.4,100891.58,Paid,CUST-0008_Aurore_Chinnick.pdf,20
Aurore Chinnick,19508 Atwood Circle,Alhambra,California,91841,achinnick7@washington.edu,626-554-1926,LOAN-0008,Home improvement,69017,170471.98,49,300%,TRX-LOAN-0008-021,11-06-2024,21,49,Bank Transfer,3479.02,73059.42,97412.56,Paid,CUST-0008_Aurore_Chinnick.pdf,21
Aurore Chinnick,19508 Atwood Circle,Alhambra,California,91841,achinnick7@washington.edu,626-554-1926,LOAN-0008,Home improvement,69017,170471.98,49,300%,TRX-LOAN-0008-022,12-07-2024,22,49,Bank Transfer,3479.02,76538.44,93933.54,Paid,CUST-0008_Aurore_Chinnick.pdf,22
Aurore Chinnick,19508 Atwood Circle,Alhambra,California,91841,achinnick7@washington.edu,626-554-1926,LOAN-0008,Home improvement,69017,170471.98,49,300%,TRX-LOAN-0008-023,15-08-2024,23,49,Auto Debit,3479.02,80017.46,90454.52,Paid,CUST-0008_Aurore_Chinnick.pdf,23
Aurore Chinnick,19508 Atwood Circle,Alhambra,California,91841,achinnick7@washington.edu,626-554-1926,LOAN-0008,Home improvement,69017,170471.98,49,300%,TRX-LOAN-0008-024,15-09-2024,24,49,Bank Transfer,3479.02,83496.48,86975.5,Paid,CUST-0008_Aurore_Chinnick.pdf,24
Aurore Chinnick,19508 Atwood Circle,Alhambra,California,91841,achinnick7@washington.edu,626-554-1926,LOAN-0008,Home improvement,69017,170471.98,49,300%,TRX-LOAN-0008-025,14-10-2024,25,49,Auto Debit,3479.02,86975.5,83496.48,Paid,CUST-0008_Aurore_Chinnick.pdf,25
Aurore Chinnick,19508 Atwood Circle,Alhambra,California,91841,achinnick7@washington.edu,626-554-1926,LOAN-0008,Home improvement,69017,170471.98,49,300%,TRX-LOAN-0008-026,15-11-2024,26,49,Bank Transfer,3479.02,90454.52,80017.46,Paid,CUST-0008_Aurore_Chinnick.pdf,26
Aurore Chinnick,19508 Atwood Circle,Alhambra,California,91841,achinnick7@washington.edu,626-554-1926,LOAN-0008,Home improvement,69017,170471.98,49,300%,TRX-LOAN-0008-027,15-12-2024,27,49,Bank Transfer,3479.02,93933.54,76538.44,Paid,CUST-0008_Aurore_Chinnick.pdf,27
Aurore Chinnick,19508 Atwood Circle,Alhambra,California,91841,achinnick7@washington.edu,626-554-1926,LOAN-0008,Home improvement,69017,170471.98,49,300%,TRX-LOAN-0008-028,13-01-2025,28,49,Virtual Account,3479.02,97412.56,73059.42,Paid,CUST-0008_Aurore_Chinnick.pdf,28
Aurore Chinnick,19508 Atwood Circle,Alhambra,California,91841,achinnick7@washington.edu,626-554-1926,LOAN-0008,Home improvement,69017,170471.98,49,300%,TRX-LOAN-0008-029,15-02-2025,29,49,Virtual Account,3479.02,100891.58,69580.4,Paid,CUST-0008_Aurore_Chinnick.pdf,29
Aurore Chinnick,19508 Atwood Circle,Alhambra,California,91841,achinnick7@washington.edu,626-554-1926,LOAN-0008,Home improvement,69017,170471.98,49,300%,TRX-LOAN-0008-030,11-03-2025,30,49,Bank Transfer,3479.02,104370.6,66101.38,Paid,CUST-0008_Aurore_Chinnick.pdf,30
Aurore Chinnick,19508 Atwood Circle,Alhambra,California,91841,achinnick7@washington.edu,626-554-1926,LOAN-0008,Home improvement,69017,170471.98,49,300%,TRX-LOAN-0008-031,13-04-2025,31,49,Bank Transfer,3479.02,107849.62,62622.36,Paid,CUST-0008_Aurore_Chinnick.pdf,31
Aurore Chinnick,19508 Atwood Circle,Alhambra,California,91841,achinnick7@washington.edu,626-554-1926,LOAN-0008,Home improvement,69017,170471.98,49,300%,TRX-LOAN-0008-032,14-05-2025,32,49,Virtual Account,3479.02,111328.64,59143.34,Paid,CUST-0008_Aurore_Chinnick.pdf,32
Aurore Chinnick,19508 Atwood Circle,Alhambra,California,91841,achinnick7@washington.edu,626-554-1926,LOAN-0008,Home improvement,69017,170471.98,49,300%,TRX-LOAN-0008-033,14-06-2025,33,49,Virtual Account,3479.02,114807.66,55664.32,Paid,CUST-0008_Aurore_Chinnick.pdf,33
Aurore Chinnick,19508 Atwood Circle,Alhambra,California,91841,achinnick7@washington.edu,626-554-1926,LOAN-0008,Home improvement,69017,170471.98,49,300%,TRX-LOAN-0008-034,14-07-2025,34,49,Bank Transfer,3479.02,118286.68,52185.3,Paid,CUST-0008_Aurore_Chinnick.pdf,34
Aurore Chinnick,19508 Atwood Circle,Alhambra,California,91841,achinnick7@washington.edu,626-554-1926,LOAN-0008,Home improvement,69017,170471.98,49,300%,TRX-LOAN-0008-035,14-08-2025,35,49,Bank Transfer,3479.02,121765.7,48706.28,Paid,CUST-0008_Aurore_Chinnick.pdf,35
Aurore Chinnick,19508 Atwood Circle,Alhambra,California,91841,achinnick7@washington.edu,626-554-1926,LOAN-0008,Home improvement,69017,170471.98,49,300%,TRX-LOAN-0008-036,12-09-2025,36,49,Bank Transfer,3479.02,125244.72,45227.26,Paid,CUST-0008_Aurore_Chinnick.pdf,36
Aurore Chinnick,19508 Atwood Circle,Alhambra,California,91841,achinnick7@washington.edu,626-554-1926,LOAN-0008,Home improvement,69017,170471.98,49,300%,TRX-LOAN-0008-037,13-10-2025,37,49,Virtual Account,3479.02,128723.74,41748.24,Paid,CUST-0008_Aurore_Chinnick.pdf,37
Aurore Chinnick,19508 Atwood Circle,Alhambra,California,91841,achinnick7@washington.edu,626-554-1926,LOAN-0008,Home improvement,69017,170471.98,49,300%,TRX-LOAN-0008-038,11-11-2025,38,49,Virtual Account,3479.02,132202.76,38269.22,Paid,CUST-0008_Aurore_Chinnick.pdf,38
Aurore Chinnick,19508 Atwood Circle,Alhambra,California,91841,achinnick7@washington.edu,626-554-1926,LOAN-0008,Home improvement,69017,170471.98,49,300%,TRX-LOAN-0008-039,11-12-2025,39,49,Virtual Account,3479.02,135681.78,34790.2,Paid,CUST-0008_Aurore_Chinnick.pdf,39
Aurore Chinnick,19508 Atwood Circle,Alhambra,California,91841,achinnick7@washington.edu,626-554-1926,LOAN-0008,Home improvement,69017,170471.98,49,300%,TRX-LOAN-0008-040,11-01-2026,40,49,Bank Transfer,3479.02,139160.8,31311.18,Paid,CUST-0008_Aurore_Chinnick.pdf,40
Aurore Chinnick,19508 Atwood Circle,Alhambra,California,91841,achinnick7@washington.edu,626-554-1926,LOAN-0008,Home improvement,69017,170471.98,49,300%,TRX-LOAN-0008-041,25-02-2026,41,49,Bank Transfer,3479.02,142639.82,27832.16,Late,CUST-0008_Aurore_Chinnick.pdf,41
Aurore Chinnick,19508 Atwood Circle,Alhambra,California,91841,achinnick7@washington.edu,626-554-1926,LOAN-0008,Home improvement,69017,170471.98,49,300%,TRX-LOAN-0008-042,12-03-2026,42,49,Auto Debit,3479.02,146118.84,24353.14,Paid,CUST-0008_Aurore_Chinnick.pdf,42
Aurore Chinnick,19508 Atwood Circle,Alhambra,California,91841,achinnick7@washington.edu,626-554-1926,LOAN-0008,Home improvement,69017,170471.98,49,300%,TRX-LOAN-0008-043,13-04-2026,43,49,Auto Debit,3479.02,149597.86,20874.12,Paid,CUST-0008_Aurore_Chinnick.pdf,43
Aurore Chinnick,19508 Atwood Circle,Alhambra,California,91841,achinnick7@washington.edu,626-554-1926,LOAN-0008,Home improvement,69017,170471.98,49,300%,TRX-LOAN-0008-044,15-05-2026,44,49,Bank Transfer,3479.02,153076.88,17395.1,Paid,CUST-0008_Aurore_Chinnick.pdf,44
Aurore Chinnick,19508 Atwood Circle,Alhambra,California,91841,achinnick7@washington.edu,626-554-1926,LOAN-0008,Home improvement,69017,170471.98,49,300%,TRX-LOAN-0008-045,11-06-2026,45,49,Bank Transfer,3479.02,156555.9,13916.08,Paid,CUST-0008_Aurore_Chinnick.pdf,45
Aurore Chinnick,19508 Atwood Circle,Alhambra,California,91841,achinnick7@washington.edu,626-554-1926,LOAN-0008,Home improvement,69017,170471.98,49,300%,TRX-LOAN-0008-046,14-07-2026,46,49,Auto Debit,3479.02,160034.92,10437.06,Paid,CUST-0008_Aurore_Chinnick.pdf,46
Emogene Waddell,07227 Caliangt Center,Grand Junction,Colorado,81505,ewaddell8@e-recht24.de,970-352-0087,LOAN-0009,Education,15959,22342.8,40,100%,TRX-LOAN-0009-001,18-05-2022,1,40,Virtual Account,558.57,558.57,21784.23,Paid,CUST-0009_Emogene_Waddell.pdf,1
Emogene Waddell,07227 Caliangt Center,Grand Junction,Colorado,81505,ewaddell8@e-recht24.de,970-352-0087,LOAN-0009,Education,15959,22342.8,40,100%,TRX-LOAN-0009-002,18-06-2022,2,40,Auto Debit,558.57,1117.14,21225.66,Paid,CUST-0009_Emogene_Waddell.pdf,2
Emogene Waddell,07227 Caliangt Center,Grand Junction,Colorado,81505,ewaddell8@e-recht24.de,970-352-0087,LOAN-0009,Education,15959,22342.8,40,100%,TRX-LOAN-0009-003,20-07-2022,3,40,Auto Debit,558.57,1675.71,20667.09,Paid,CUST-0009_Emogene_Waddell.pdf,3
Emogene Waddell,07227 Caliangt Center,Grand Junction,Colorado,81505,ewaddell8@e-recht24.de,970-352-0087,LOAN-0009,Education,15959,22342.8,40,100%,TRX-LOAN-0009-004,18-08-2022,4,40,Virtual Account,558.57,2234.28,20108.52,Paid,CUST-0009_Emogene_Waddell.pdf,4
Emogene Waddell,07227 Caliangt Center,Grand Junction,Colorado,81505,ewaddell8@e-recht24.de,970-352-0087,LOAN-0009,Education,15959,22342.8,40,100%,TRX-LOAN-0009-005,18-09-2022,5,40,Bank Transfer,558.57,2792.85,19549.95,Paid,CUST-0009_Emogene_Waddell.pdf,5
Emogene Waddell,07227 Caliangt Center,Grand Junction,Colorado,81505,ewaddell8@e-recht24.de,970-352-0087,LOAN-0009,Education,15959,22342.8,40,100%,TRX-LOAN-0009-006,20-10-2022,6,40,Virtual Account,558.57,3351.42,18991.38,Paid,CUST-0009_Emogene_Waddell.pdf,6
Emogene Waddell,07227 Caliangt Center,Grand Junction,Colorado,81505,ewaddell8@e-recht24.de,970-352-0087,LOAN-0009,Education,15959,22342.8,40,100%,TRX-LOAN-0009-007,18-11-2022,7,40,Auto Debit,558.57,3909.99,18432.81,Paid,CUST-0009_Emogene_Waddell.pdf,7
Emogene Waddell,07227 Caliangt Center,Grand Junction,Colorado,81505,ewaddell8@e-recht24.de,970-352-0087,LOAN-0009,Education,15959,22342.8,40,100%,TRX-LOAN-0009-008,20-12-2022,8,40,Virtual Account,558.57,4468.56,17874.24,Paid,CUST-0009_Emogene_Waddell.pdf,8
Emogene Waddell,07227 Caliangt Center,Grand Junction,Colorado,81505,ewaddell8@e-recht24.de,970-352-0087,LOAN-0009,Education,15959,22342.8,40,100%,TRX-LOAN-0009-009,16-01-2023,9,40,Bank Transfer,558.57,5027.13,17315.67,Paid,CUST-0009_Emogene_Waddell.pdf,9
Emogene Waddell,07227 Caliangt Center,Grand Junction,Colorado,81505,ewaddell8@e-recht24.de,970-352-0087,LOAN-0009,Education,15959,22342.8,40,100%,TRX-LOAN-0009-010,19-02-2023,10,40,Virtual Account,558.57,5585.7,16757.1,Paid,CUST-0009_Emogene_Waddell.pdf,10
Emogene Waddell,07227 Caliangt Center,Grand Junction,Colorado,81505,ewaddell8@e-recht24.de,970-352-0087,LOAN-0009,Education,15959,22342.8,40,100%,TRX-LOAN-0009-011,20-03-2023,11,40,Bank Transfer,558.57,6144.27,16198.53,Paid,CUST-0009_Emogene_Waddell.pdf,11
Emogene Waddell,07227 Caliangt Center,Grand Junction,Colorado,81505,ewaddell8@e-recht24.de,970-352-0087,LOAN-0009,Education,15959,22342.8,40,100%,TRX-LOAN-0009-012,19-04-2023,12,40,Virtual Account,558.57,6702.84,15639.96,Paid,CUST-0009_Emogene_Waddell.pdf,12
Emogene Waddell,07227 Caliangt Center,Grand Junction,Colorado,81505,ewaddell8@e-recht24.de,970-352-0087,LOAN-0009,Education,15959,22342.8,40,100%,TRX-LOAN-0009-013,18-05-2023,13,40,Virtual Account,558.57,7261.41,15081.39,Paid,CUST-0009_Emogene_Waddell.pdf,13
Emogene Waddell,07227 Caliangt Center,Grand Junction,Colorado,81505,ewaddell8@e-recht24.de,970-352-0087,LOAN-0009,Education,15959,22342.8,40,100%,TRX-LOAN-0009-014,16-06-2023,14,40,Bank Transfer,558.57,7819.98,14522.82,Paid,CUST-0009_Emogene_Waddell.pdf,14
Emogene Waddell,07227 Caliangt Center,Grand Junction,Colorado,81505,ewaddell8@e-recht24.de,970-352-0087,LOAN-0009,Education,15959,22342.8,40,100%,TRX-LOAN-0009-015,18-07-2023,15,40,Bank Transfer,558.57,8378.55,13964.25,Paid,CUST-0009_Emogene_Waddell.pdf,15
Emogene Waddell,07227 Caliangt Center,Grand Junction,Colorado,81505,ewaddell8@e-recht24.de,970-352-0087,LOAN-0009,Education,15959,22342.8,40,100%,TRX-LOAN-0009-016,20-08-2023,16,40,Auto Debit,558.57,8937.12,13405.68,Paid,CUST-0009_Emogene_Waddell.pdf,16
Emogene Waddell,07227 Caliangt Center,Grand Junction,Colorado,81505,ewaddell8@e-recht24.de,970-352-0087,LOAN-0009,Education,15959,22342.8,40,100%,TRX-LOAN-0009-017,17-09-2023,17,40,Auto Debit,558.57,9495.69,12847.11,Paid,CUST-0009_Emogene_Waddell.pdf,17
Emogene Waddell,07227 Caliangt Center,Grand Junction,Colorado,81505,ewaddell8@e-recht24.de,970-352-0087,LOAN-0009,Education,15959,22342.8,40,100%,TRX-LOAN-0009-018,16-10-2023,18,40,Bank Transfer,558.57,10054.26,12288.54,Paid,CUST-0009_Emogene_Waddell.pdf,18
Emogene Waddell,07227 Caliangt Center,Grand Junction,Colorado,81505,ewaddell8@e-recht24.de,970-352-0087,LOAN-0009,Education,15959,22342.8,40,100%,TRX-LOAN-0009-019,26-11-2023,19,40,Bank Transfer,558.57,10612.83,11729.97,Late,CUST-0009_Emogene_Waddell.pdf,19
Emogene Waddell,07227 Caliangt Center,Grand Junction,Colorado,81505,ewaddell8@e-recht24.de,970-352-0087,LOAN-0009,Education,15959,22342.8,40,100%,TRX-LOAN-0009-020,16-12-2023,20,40,Virtual Account,558.57,11171.4,11171.4,Paid,CUST-0009_Emogene_Waddell.pdf,20
Emogene Waddell,07227 Caliangt Center,Grand Junction,Colorado,81505,ewaddell8@e-recht24.de,970-352-0087,LOAN-0009,Education,15959,22342.8,40,100%,TRX-LOAN-0009-021,27-01-2024,21,40,Auto Debit,558.57,11729.97,10612.83,Late,CUST-0009_Emogene_Waddell.pdf,21
Emogene Waddell,07227 Caliangt Center,Grand Junction,Colorado,81505,ewaddell8@e-recht24.de,970-352-0087,LOAN-0009,Education,15959,22342.8,40,100%,TRX-LOAN-0009-022,17-02-2024,22,40,Auto Debit,558.57,12288.54,10054.26,Paid,CUST-0009_Emogene_Waddell.pdf,22
Emogene Waddell,07227 Caliangt Center,Grand Junction,Colorado,81505,ewaddell8@e-recht24.de,970-352-0087,LOAN-0009,Education,15959,22342.8,40,100%,TRX-LOAN-0009-023,17-03-2024,23,40,Auto Debit,558.57,12847.11,9495.69,Paid,CUST-0009_Emogene_Waddell.pdf,23
Emogene Waddell,07227 Caliangt Center,Grand Junction,Colorado,81505,ewaddell8@e-recht24.de,970-352-0087,LOAN-0009,Education,15959,22342.8,40,100%,TRX-LOAN-0009-024,19-04-2024,24,40,Virtual Account,558.57,13405.68,8937.12,Paid,CUST-0009_Emogene_Waddell.pdf,24
Emogene Waddell,07227 Caliangt Center,Grand Junction,Colorado,81505,ewaddell8@e-recht24.de,970-352-0087,LOAN-0009,Education,15959,22342.8,40,100%,TRX-LOAN-0009-025,20-05-2024,25,40,Virtual Account,558.57,13964.25,8378.55,Paid,CUST-0009_Emogene_Waddell.pdf,25
Emogene Waddell,07227 Caliangt Center,Grand Junction,Colorado,81505,ewaddell8@e-recht24.de,970-352-0087,LOAN-0009,Education,15959,22342.8,40,100%,TRX-LOAN-0009-026,18-06-2024,26,40,Virtual Account,558.57,14522.82,7819.98,Paid,CUST-0009_Emogene_Waddell.pdf,26
Emogene Waddell,07227 Caliangt Center,Grand Junction,Colorado,81505,ewaddell8@e-recht24.de,970-352-0087,LOAN-0009,Education,15959,22342.8,40,100%,TRX-LOAN-0009-027,16-07-2024,27,40,Virtual Account,558.57,15081.39,7261.41,Paid,CUST-0009_Emogene_Waddell.pdf,27
Emogene Waddell,07227 Caliangt Center,Grand Junction,Colorado,81505,ewaddell8@e-recht24.de,970-352-0087,LOAN-0009,Education,15959,22342.8,40,100%,TRX-LOAN-0009-028,17-08-2024,28,40,Bank Transfer,558.57,15639.96,6702.84,Paid,CUST-0009_Emogene_Waddell.pdf,28
Emogene Waddell,07227 Caliangt Center,Grand Junction,Colorado,81505,ewaddell8@e-recht24.de,970-352-0087,LOAN-0009,Education,15959,22342.8,40,100%,TRX-LOAN-0009-029,03-10-2024,29,40,Virtual Account,558.57,16198.53,6144.27,Late,CUST-0009_Emogene_Waddell.pdf,29
Emogene Waddell,07227 Caliangt Center,Grand Junction,Colorado,81505,ewaddell8@e-recht24.de,970-352-0087,LOAN-0009,Education,15959,22342.8,40,100%,TRX-LOAN-0009-030,16-10-2024,30,40,Auto Debit,558.57,16757.1,5585.7,Paid,CUST-0009_Emogene_Waddell.pdf,30
Emogene Waddell,07227 Caliangt Center,Grand Junction,Colorado,81505,ewaddell8@e-recht24.de,970-352-0087,LOAN-0009,Education,15959,22342.8,40,100%,TRX-LOAN-0009-031,18-11-2024,31,40,Auto Debit,558.57,17315.67,5027.13,Paid,CUST-0009_Emogene_Waddell.pdf,31
Emogene Waddell,07227 Caliangt Center,Grand Junction,Colorado,81505,ewaddell8@e-recht24.de,970-352-0087,LOAN-0009,Education,15959,22342.8,40,100%,TRX-LOAN-0009-032,23-12-2024,32,40,Virtual Account,558.57,17874.24,4468.56,Late,CUST-0009_Emogene_Waddell.pdf,32
Emogene Waddell,07227 Caliangt Center,Grand Junction,Colorado,81505,ewaddell8@e-recht24.de,970-352-0087,LOAN-0009,Education,15959,22342.8,40,100%,TRX-LOAN-0009-033,17-01-2025,33,40,Auto Debit,558.57,18432.81,3909.99,Paid,CUST-0009_Emogene_Waddell.pdf,33
Emogene Waddell,07227 Caliangt Center,Grand Junction,Colorado,81505,ewaddell8@e-recht24.de,970-352-0087,LOAN-0009,Education,15959,22342.8,40,100%,TRX-LOAN-0009-034,22-02-2025,34,40,Auto Debit,558.57,18991.38,3351.42,Late,CUST-0009_Emogene_Waddell.pdf,34
Emogene Waddell,07227 Caliangt Center,Grand Junction,Colorado,81505,ewaddell8@e-recht24.de,970-352-0087,LOAN-0009,Education,15959,22342.8,40,100%,TRX-LOAN-0009-035,19-03-2025,35,40,Auto Debit,558.57,19549.95,2792.85,Paid,CUST-0009_Emogene_Waddell.pdf,35
Emogene Waddell,07227 Caliangt Center,Grand Junction,Colorado,81505,ewaddell8@e-recht24.de,970-352-0087,LOAN-0009,Education,15959,22342.8,40,100%,TRX-LOAN-0009-036,16-04-2025,36,40,Auto Debit,558.57,20108.52,2234.28,Paid,CUST-0009_Emogene_Waddell.pdf,36
Emogene Waddell,07227 Caliangt Center,Grand Junction,Colorado,81505,ewaddell8@e-recht24.de,970-352-0087,LOAN-0009,Education,15959,22342.8,40,100%,TRX-LOAN-0009-037,16-05-2025,37,40,Auto Debit,558.57,20667.09,1675.71,Paid,CUST-0009_Emogene_Waddell.pdf,37
Emogene Waddell,07227 Caliangt Center,Grand Junction,Colorado,81505,ewaddell8@e-recht24.de,970-352-0087,LOAN-0009,Education,15959,22342.8,40,100%,TRX-LOAN-0009-038,30-06-2025,38,40,Bank Transfer,558.57,21225.66,1117.14,Late,CUST-0009_Emogene_Waddell.pdf,38
Emogene Waddell,07227 Caliangt Center,Grand Junction,Colorado,81505,ewaddell8@e-recht24.de,970-352-0087,LOAN-0009,Education,15959,22342.8,40,100%,TRX-LOAN-0009-039,24-07-2025,39,40,Virtual Account,558.57,21784.23,558.57,Late,CUST-0009_Emogene_Waddell.pdf,39
Emogene Waddell,07227 Caliangt Center,Grand Junction,Colorado,81505,ewaddell8@e-recht24.de,970-352-0087,LOAN-0009,Education,15959,22342.8,40,100%,TRX-LOAN-0009-040,18-08-2025,40,40,Bank Transfer,558.57,22342.8,0,Paid,CUST-0009_Emogene_Waddell.pdf,40
Dorothea Jeanet,0 Bay Trail,Salt Lake City,Utah,84130,djeanet9@friendfeed.com,801-558-4451,LOAN-0010,Debt consolidation,78370,388715.36,44,900%,TRX-LOAN-0010-001,24-01-2023,1,44,Virtual Account,8834.44,8834.44,379880.92,Late,CUST-0010_Dorothea_Jeanet.pdf,1
Dorothea Jeanet,0 Bay Trail,Salt Lake City,Utah,84130,djeanet9@friendfeed.com,801-558-4451,LOAN-0010,Debt consolidation,78370,388715.36,44,900%,TRX-LOAN-0010-002,26-02-2023,2,44,Bank Transfer,8834.44,17668.88,371046.48,Late,CUST-0010_Dorothea_Jeanet.pdf,2
Dorothea Jeanet,0 Bay Trail,Salt Lake City,Utah,84130,djeanet9@friendfeed.com,801-558-4451,LOAN-0010,Debt consolidation,78370,388715.36,44,900%,TRX-LOAN-0010-003,13-03-2023,3,44,Auto Debit,8834.44,26503.32,362212.04,Paid,CUST-0010_Dorothea_Jeanet.pdf,3
Dorothea Jeanet,0 Bay Trail,Salt Lake City,Utah,84130,djeanet9@friendfeed.com,801-558-4451,LOAN-0010,Debt consolidation,78370,388715.36,44,900%,TRX-LOAN-0010-004,10-04-2023,4,44,Virtual Account,8834.44,35337.76,353377.6,Paid,CUST-0010_Dorothea_Jeanet.pdf,4
Dorothea Jeanet,0 Bay Trail,Salt Lake City,Utah,84130,djeanet9@friendfeed.com,801-558-4451,LOAN-0010,Debt consolidation,78370,388715.36,44,900%,TRX-LOAN-0010-005,12-05-2023,5,44,Bank Transfer,8834.44,44172.2,344543.16,Paid,CUST-0010_Dorothea_Jeanet.pdf,5
Dorothea Jeanet,0 Bay Trail,Salt Lake City,Utah,84130,djeanet9@friendfeed.com,801-558-4451,LOAN-0010,Debt consolidation,78370,388715.36,44,900%,TRX-LOAN-0010-006,13-06-2023,6,44,Virtual Account,8834.44,53006.64,335708.72,Paid,CUST-0010_Dorothea_Jeanet.pdf,6
Dorothea Jeanet,0 Bay Trail,Salt Lake City,Utah,84130,djeanet9@friendfeed.com,801-558-4451,LOAN-0010,Debt consolidation,78370,388715.36,44,900%,TRX-LOAN-0010-007,13-07-2023,7,44,Virtual Account,8834.44,61841.08,326874.28,Paid,CUST-0010_Dorothea_Jeanet.pdf,7
Dorothea Jeanet,0 Bay Trail,Salt Lake City,Utah,84130,djeanet9@friendfeed.com,801-558-4451,LOAN-0010,Debt consolidation,78370,388715.36,44,900%,TRX-LOAN-0010-008,14-08-2023,8,44,Auto Debit,8834.44,70675.52,318039.84,Paid,CUST-0010_Dorothea_Jeanet.pdf,8
Dorothea Jeanet,0 Bay Trail,Salt Lake City,Utah,84130,djeanet9@friendfeed.com,801-558-4451,LOAN-0010,Debt consolidation,78370,388715.36,44,900%,TRX-LOAN-0010-009,10-09-2023,9,44,Auto Debit,8834.44,79509.96,309205.4,Paid,CUST-0010_Dorothea_Jeanet.pdf,9
Dorothea Jeanet,0 Bay Trail,Salt Lake City,Utah,84130,djeanet9@friendfeed.com,801-558-4451,LOAN-0010,Debt consolidation,78370,388715.36,44,900%,TRX-LOAN-0010-010,11-10-2023,10,44,Bank Transfer,8834.44,88344.4,300370.96,Paid,CUST-0010_Dorothea_Jeanet.pdf,10
Dorothea Jeanet,0 Bay Trail,Salt Lake City,Utah,84130,djeanet9@friendfeed.com,801-558-4451,LOAN-0010,Debt consolidation,78370,388715.36,44,900%,TRX-LOAN-0010-011,14-11-2023,11,44,Bank Transfer,8834.44,97178.84,291536.52,Paid,CUST-0010_Dorothea_Jeanet.pdf,11
Dorothea Jeanet,0 Bay Trail,Salt Lake City,Utah,84130,djeanet9@friendfeed.com,801-558-4451,LOAN-0010,Debt consolidation,78370,388715.36,44,900%,TRX-LOAN-0010-012,11-12-2023,12,44,Bank Transfer,8834.44,106013.28,282702.08,Paid,CUST-0010_Dorothea_Jeanet.pdf,12
Dorothea Jeanet,0 Bay Trail,Salt Lake City,Utah,84130,djeanet9@friendfeed.com,801-558-4451,LOAN-0010,Debt consolidation,78370,388715.36,44,900%,TRX-LOAN-0010-013,12-01-2024,13,44,Virtual Account,8834.44,114847.72,273867.64,Paid,CUST-0010_Dorothea_Jeanet.pdf,13
Dorothea Jeanet,0 Bay Trail,Salt Lake City,Utah,84130,djeanet9@friendfeed.com,801-558-4451,LOAN-0010,Debt consolidation,78370,388715.36,44,900%,TRX-LOAN-0010-014,18-02-2024,14,44,Auto Debit,8834.44,123682.16,265033.2,Late,CUST-0010_Dorothea_Jeanet.pdf,14
Dorothea Jeanet,0 Bay Trail,Salt Lake City,Utah,84130,djeanet9@friendfeed.com,801-558-4451,LOAN-0010,Debt consolidation,78370,388715.36,44,900%,TRX-LOAN-0010-015,10-03-2024,15,44,Bank Transfer,8834.44,132516.6,256198.76,Paid,CUST-0010_Dorothea_Jeanet.pdf,15
Dorothea Jeanet,0 Bay Trail,Salt Lake City,Utah,84130,djeanet9@friendfeed.com,801-558-4451,LOAN-0010,Debt consolidation,78370,388715.36,44,900%,TRX-LOAN-0010-016,24-04-2024,16,44,Virtual Account,8834.44,141351.04,247364.32,Late,CUST-0010_Dorothea_Jeanet.pdf,16
Dorothea Jeanet,0 Bay Trail,Salt Lake City,Utah,84130,djeanet9@friendfeed.com,801-558-4451,LOAN-0010,Debt consolidation,78370,388715.36,44,900%,TRX-LOAN-0010-017,10-05-2024,17,44,Virtual Account,8834.44,150185.48,238529.88,Paid,CUST-0010_Dorothea_Jeanet.pdf,17
Dorothea Jeanet,0 Bay Trail,Salt Lake City,Utah,84130,djeanet9@friendfeed.com,801-558-4451,LOAN-0010,Debt consolidation,78370,388715.36,44,900%,TRX-LOAN-0010-018,13-06-2024,18,44,Auto Debit,8834.44,159019.92,229695.44,Paid,CUST-0010_Dorothea_Jeanet.pdf,18
Dorothea Jeanet,0 Bay Trail,Salt Lake City,Utah,84130,djeanet9@friendfeed.com,801-558-4451,LOAN-0010,Debt consolidation,78370,388715.36,44,900%,TRX-LOAN-0010-019,13-07-2024,19,44,Virtual Account,8834.44,167854.36,220861,Paid,CUST-0010_Dorothea_Jeanet.pdf,19
Dorothea Jeanet,0 Bay Trail,Salt Lake City,Utah,84130,djeanet9@friendfeed.com,801-558-4451,LOAN-0010,Debt consolidation,78370,388715.36,44,900%,TRX-LOAN-0010-020,15-08-2024,20,44,Bank Transfer,8834.44,176688.8,212026.56,Late,CUST-0010_Dorothea_Jeanet.pdf,20
Dorothea Jeanet,0 Bay Trail,Salt Lake City,Utah,84130,djeanet9@friendfeed.com,801-558-4451,LOAN-0010,Debt consolidation,78370,388715.36,44,900%,TRX-LOAN-0010-021,11-09-2024,21,44,Virtual Account,8834.44,185523.24,203192.12,Paid,CUST-0010_Dorothea_Jeanet.pdf,21
Dorothea Jeanet,0 Bay Trail,Salt Lake City,Utah,84130,djeanet9@friendfeed.com,801-558-4451,LOAN-0010,Debt consolidation,78370,388715.36,44,900%,TRX-LOAN-0010-022,15-10-2024,22,44,Virtual Account,8834.44,194357.68,194357.68,Late,CUST-0010_Dorothea_Jeanet.pdf,22
Dorothea Jeanet,0 Bay Trail,Salt Lake City,Utah,84130,djeanet9@friendfeed.com,801-558-4451,LOAN-0010,Debt consolidation,78370,388715.36,44,900%,TRX-LOAN-0010-023,10-11-2024,23,44,Auto Debit,8834.44,203192.12,185523.24,Paid,CUST-0010_Dorothea_Jeanet.pdf,23
Dorothea Jeanet,0 Bay Trail,Salt Lake City,Utah,84130,djeanet9@friendfeed.com,801-558-4451,LOAN-0010,Debt consolidation,78370,388715.36,44,900%,TRX-LOAN-0010-024,10-12-2024,24,44,Virtual Account,8834.44,212026.56,176688.8,Paid,CUST-0010_Dorothea_Jeanet.pdf,24
Dorothea Jeanet,0 Bay Trail,Salt Lake City,Utah,84130,djeanet9@friendfeed.com,801-558-4451,LOAN-0010,Debt consolidation,78370,388715.36,44,900%,TRX-LOAN-0010-025,10-01-2025,25,44,Bank Transfer,8834.44,220861,167854.36,Paid,CUST-0010_Dorothea_Jeanet.pdf,25
Dorothea Jeanet,0 Bay Trail,Salt Lake City,Utah,84130,djeanet9@friendfeed.com,801-558-4451,LOAN-0010,Debt consolidation,78370,388715.36,44,900%,TRX-LOAN-0010-026,13-02-2025,26,44,Bank Transfer,8834.44,229695.44,159019.92,Paid,CUST-0010_Dorothea_Jeanet.pdf,26
Dorothea Jeanet,0 Bay Trail,Salt Lake City,Utah,84130,djeanet9@friendfeed.com,801-558-4451,LOAN-0010,Debt consolidation,78370,388715.36,44,900%,TRX-LOAN-0010-027,13-03-2025,27,44,Auto Debit,8834.44,238529.88,150185.48,Paid,CUST-0010_Dorothea_Jeanet.pdf,27
Dorothea Jeanet,0 Bay Trail,Salt Lake City,Utah,84130,djeanet9@friendfeed.com,801-558-4451,LOAN-0010,Debt consolidation,78370,388715.36,44,900%,TRX-LOAN-0010-028,14-04-2025,28,44,Virtual Account,8834.44,247364.32,141351.04,Paid,CUST-0010_Dorothea_Jeanet.pdf,28
Dorothea Jeanet,0 Bay Trail,Salt Lake City,Utah,84130,djeanet9@friendfeed.com,801-558-4451,LOAN-0010,Debt consolidation,78370,388715.36,44,900%,TRX-LOAN-0010-029,13-05-2025,29,44,Virtual Account,8834.44,256198.76,132516.6,Paid,CUST-0010_Dorothea_Jeanet.pdf,29
Dorothea Jeanet,0 Bay Trail,Salt Lake City,Utah,84130,djeanet9@friendfeed.com,801-558-4451,LOAN-0010,Debt consolidation,78370,388715.36,44,900%,TRX-LOAN-0010-030,20-06-2025,30,44,Auto Debit,8834.44,265033.2,123682.16,Late,CUST-0010_Dorothea_Jeanet.pdf,30
Dorothea Jeanet,0 Bay Trail,Salt Lake City,Utah,84130,djeanet9@friendfeed.com,801-558-4451,LOAN-0010,Debt consolidation,78370,388715.36,44,900%,TRX-LOAN-0010-031,16-07-2025,31,44,Auto Debit,8834.44,273867.64,114847.72,Late,CUST-0010_Dorothea_Jeanet.pdf,31
Dorothea Jeanet,0 Bay Trail,Salt Lake City,Utah,84130,djeanet9@friendfeed.com,801-558-4451,LOAN-0010,Debt consolidation,78370,388715.36,44,900%,TRX-LOAN-0010-032,12-08-2025,32,44,Virtual Account,8834.44,282702.08,106013.28,Paid,CUST-0010_Dorothea_Jeanet.pdf,32
Dorothea Jeanet,0 Bay Trail,Salt Lake City,Utah,84130,djeanet9@friendfeed.com,801-558-4451,LOAN-0010,Debt consolidation,78370,388715.36,44,900%,TRX-LOAN-0010-033,13-09-2025,33,44,Bank Transfer,8834.44,291536.52,97178.84,Paid,CUST-0010_Dorothea_Jeanet.pdf,33
Dorothea Jeanet,0 Bay Trail,Salt Lake City,Utah,84130,djeanet9@friendfeed.com,801-558-4451,LOAN-0010,Debt consolidation,78370,388715.36,44,900%,TRX-LOAN-0010-034,11-10-2025,34,44,Auto Debit,8834.44,300370.96,88344.4,Paid,CUST-0010_Dorothea_Jeanet.pdf,34
Dorothea Jeanet,0 Bay Trail,Salt Lake City,Utah,84130,djeanet9@friendfeed.com,801-558-4451,LOAN-0010,Debt consolidation,78370,388715.36,44,900%,TRX-LOAN-0010-035,12-11-2025,35,44,Virtual Account,8834.44,309205.4,79509.96,Paid,CUST-0010_Dorothea_Jeanet.pdf,35
Dorothea Jeanet,0 Bay Trail,Salt Lake City,Utah,84130,djeanet9@friendfeed.com,801-558-4451,LOAN-0010,Debt consolidation,78370,388715.36,44,900%,TRX-LOAN-0010-036,14-12-2025,36,44,Virtual Account,8834.44,318039.84,70675.52,Paid,CUST-0010_Dorothea_Jeanet.pdf,36
Dorothea Jeanet,0 Bay Trail,Salt Lake City,Utah,84130,djeanet9@friendfeed.com,801-558-4451,LOAN-0010,Debt consolidation,78370,388715.36,44,900%,TRX-LOAN-0010-037,29-01-2026,37,44,Bank Transfer,8834.44,326874.28,61841.08,Late,CUST-0010_Dorothea_Jeanet.pdf,37
Dorothea Jeanet,0 Bay Trail,Salt Lake City,Utah,84130,djeanet9@friendfeed.com,801-558-4451,LOAN-0010,Debt consolidation,78370,388715.36,44,900%,TRX-LOAN-0010-038,14-02-2026,38,44,Virtual Account,8834.44,335708.72,53006.64,Paid,CUST-0010_Dorothea_Jeanet.pdf,38
Dorothea Jeanet,0 Bay Trail,Salt Lake City,Utah,84130,djeanet9@friendfeed.com,801-558-4451,LOAN-0010,Debt consolidation,78370,388715.36,44,900%,TRX-LOAN-0010-039,14-03-2026,39,44,Virtual Account,8834.44,344543.16,44172.2,Paid,CUST-0010_Dorothea_Jeanet.pdf,39
Dorothea Jeanet,0 Bay Trail,Salt Lake City,Utah,84130,djeanet9@friendfeed.com,801-558-4451,LOAN-0010,Debt consolidation,78370,388715.36,44,900%,TRX-LOAN-0010-040,14-04-2026,40,44,Bank Transfer,8834.44,353377.6,35337.76,Paid,CUST-0010_Dorothea_Jeanet.pdf,40
Dorothea Jeanet,0 Bay Trail,Salt Lake City,Utah,84130,djeanet9@friendfeed.com,801-558-4451,LOAN-0010,Debt consolidation,78370,388715.36,44,900%,TRX-LOAN-0010-041,13-05-2026,41,44,Bank Transfer,8834.44,362212.04,26503.32,Paid,CUST-0010_Dorothea_Jeanet.pdf,41
Dorothea Jeanet,0 Bay Trail,Salt Lake City,Utah,84130,djeanet9@friendfeed.com,801-558-4451,LOAN-0010,Debt consolidation,78370,388715.36,44,900%,TRX-LOAN-0010-042,12-06-2026,42,44,Bank Transfer,8834.44,371046.48,17668.88,Paid,CUST-0010_Dorothea_Jeanet.pdf,42
Dorothea Jeanet,0 Bay Trail,Salt Lake City,Utah,84130,djeanet9@friendfeed.com,801-558-4451,LOAN-0010,Debt consolidation,78370,388715.36,44,900%,TRX-LOAN-0010-043,16-07-2026,43,44,Auto Debit,8834.44,379880.92,8834.44,Late,CUST-0010_Dorothea_Jeanet.pdf,43
Alleen Vassano,91072 Merrick Way,Birmingham,Alabama,35295,avassanoc@canalblog.com,205-669-5961,LOAN-0013,Home improvement,86557,116851.95,5,700%,TRX-LOAN-0013-001,30-11-2022,1,5,Auto Debit,23370.39,23370.39,93481.56,Paid,CUST-0013_Alleen_Vassano.pdf,1
Alleen Vassano,91072 Merrick Way,Birmingham,Alabama,35295,avassanoc@canalblog.com,205-669-5961,LOAN-0013,Home improvement,86557,116851.95,5,700%,TRX-LOAN-0013-002,08-01-2023,2,5,Auto Debit,23370.39,46740.78,70111.17,Late,CUST-0013_Alleen_Vassano.pdf,2
Alleen Vassano,91072 Merrick Way,Birmingham,Alabama,35295,avassanoc@canalblog.com,205-669-5961,LOAN-0013,Home improvement,86557,116851.95,5,700%,TRX-LOAN-0013-003,27-01-2023,3,5,Virtual Account,23370.39,70111.17,46740.78,Paid,CUST-0013_Alleen_Vassano.pdf,3
Alleen Vassano,91072 Merrick Way,Birmingham,Alabama,35295,avassanoc@canalblog.com,205-669-5961,LOAN-0013,Home improvement,86557,116851.95,5,700%,TRX-LOAN-0013-004,01-03-2023,4,5,Bank Transfer,23370.39,93481.56,23370.39,Paid,CUST-0013_Alleen_Vassano.pdf,4
Alleen Vassano,91072 Merrick Way,Birmingham,Alabama,35295,avassanoc@canalblog.com,205-669-5961,LOAN-0013,Home improvement,86557,116851.95,5,700%,TRX-LOAN-0013-005,27-03-2023,5,5,Auto Debit,23370.39,116851.95,0,Paid,CUST-0013_Alleen_Vassano.pdf,5
Maximilianus Wallbank,2 Helena Street,Idaho Falls,Idaho,83405,mwallbankj@wired.com,208-130-2193,LOAN-0020,Home improvement,59177,98233.74,22,300%,TRX-LOAN-0020-001,10-10-2022,1,22,Auto Debit,4465.17,4465.17,93768.57,Paid,CUST-0020_Maximilianus_Wallbank.pdf,1
Maximilianus Wallbank,2 Helena Street,Idaho Falls,Idaho,83405,mwallbankj@wired.com,208-130-2193,LOAN-0020,Home improvement,59177,98233.74,22,300%,TRX-LOAN-0020-002,06-11-2022,2,22,Virtual Account,4465.17,8930.34,89303.4,Paid,CUST-0020_Maximilianus_Wallbank.pdf,2
Maximilianus Wallbank,2 Helena Street,Idaho Falls,Idaho,83405,mwallbankj@wired.com,208-130-2193,LOAN-0020,Home improvement,59177,98233.74,22,300%,TRX-LOAN-0020-003,07-12-2022,3,22,Virtual Account,4465.17,13395.51,84838.23,Paid,CUST-0020_Maximilianus_Wallbank.pdf,3
Maximilianus Wallbank,2 Helena Street,Idaho Falls,Idaho,83405,mwallbankj@wired.com,208-130-2193,LOAN-0020,Home improvement,59177,98233.74,22,300%,TRX-LOAN-0020-004,07-01-2023,4,22,Virtual Account,4465.17,17860.68,80373.06,Paid,CUST-0020_Maximilianus_Wallbank.pdf,4
Maximilianus Wallbank,2 Helena Street,Idaho Falls,Idaho,83405,mwallbankj@wired.com,208-130-2193,LOAN-0020,Home improvement,59177,98233.74,22,300%,TRX-LOAN-0020-005,10-02-2023,5,22,Auto Debit,4465.17,22325.85,75907.89,Paid,CUST-0020_Maximilianus_Wallbank.pdf,5
Maximilianus Wallbank,2 Helena Street,Idaho Falls,Idaho,83405,mwallbankj@wired.com,208-130-2193,LOAN-0020,Home improvement,59177,98233.74,22,300%,TRX-LOAN-0020-006,09-03-2023,6,22,Auto Debit,4465.17,26791.02,71442.72,Paid,CUST-0020_Maximilianus_Wallbank.pdf,6
Maximilianus Wallbank,2 Helena Street,Idaho Falls,Idaho,83405,mwallbankj@wired.com,208-130-2193,LOAN-0020,Home improvement,59177,98233.74,22,300%,TRX-LOAN-0020-007,10-04-2023,7,22,Virtual Account,4465.17,31256.19,66977.55,Paid,CUST-0020_Maximilianus_Wallbank.pdf,7
Maximilianus Wallbank,2 Helena Street,Idaho Falls,Idaho,83405,mwallbankj@wired.com,208-130-2193,LOAN-0020,Home improvement,59177,98233.74,22,300%,TRX-LOAN-0020-008,08-05-2023,8,22,Auto Debit,4465.17,35721.36,62512.38,Paid,CUST-0020_Maximilianus_Wallbank.pdf,8
Maximilianus Wallbank,2 Helena Street,Idaho Falls,Idaho,83405,mwallbankj@wired.com,208-130-2193,LOAN-0020,Home improvement,59177,98233.74,22,300%,TRX-LOAN-0020-009,23-06-2023,9,22,Virtual Account,4465.17,40186.53,58047.21,Late,CUST-0020_Maximilianus_Wallbank.pdf,9
Maximilianus Wallbank,2 Helena Street,Idaho Falls,Idaho,83405,mwallbankj@wired.com,208-130-2193,LOAN-0020,Home improvement,59177,98233.74,22,300%,TRX-LOAN-0020-010,08-07-2023,10,22,Virtual Account,4465.17,44651.7,53582.04,Paid,CUST-0020_Maximilianus_Wallbank.pdf,10
Maximilianus Wallbank,2 Helena Street,Idaho Falls,Idaho,83405,mwallbankj@wired.com,208-130-2193,LOAN-0020,Home improvement,59177,98233.74,22,300%,TRX-LOAN-0020-011,10-08-2023,11,22,Bank Transfer,4465.17,49116.87,49116.87,Paid,CUST-0020_Maximilianus_Wallbank.pdf,11
Maximilianus Wallbank,2 Helena Street,Idaho Falls,Idaho,83405,mwallbankj@wired.com,208-130-2193,LOAN-0020,Home improvement,59177,98233.74,22,300%,TRX-LOAN-0020-012,08-09-2023,12,22,Bank Transfer,4465.17,53582.04,44651.7,Paid,CUST-0020_Maximilianus_Wallbank.pdf,12
Maximilianus Wallbank,2 Helena Street,Idaho Falls,Idaho,83405,mwallbankj@wired.com,208-130-2193,LOAN-0020,Home improvement,59177,98233.74,22,300%,TRX-LOAN-0020-013,06-10-2023,13,22,Virtual Account,4465.17,58047.21,40186.53,Paid,CUST-0020_Maximilianus_Wallbank.pdf,13
Maximilianus Wallbank,2 Helena Street,Idaho Falls,Idaho,83405,mwallbankj@wired.com,208-130-2193,LOAN-0020,Home improvement,59177,98233.74,22,300%,TRX-LOAN-0020-014,07-11-2023,14,22,Bank Transfer,4465.17,62512.38,35721.36,Paid,CUST-0020_Maximilianus_Wallbank.pdf,14
Maximilianus Wallbank,2 Helena Street,Idaho Falls,Idaho,83405,mwallbankj@wired.com,208-130-2193,LOAN-0020,Home improvement,59177,98233.74,22,300%,TRX-LOAN-0020-015,10-12-2023,15,22,Virtual Account,4465.17,66977.55,31256.19,Paid,CUST-0020_Maximilianus_Wallbank.pdf,15
Maximilianus Wallbank,2 Helena Street,Idaho Falls,Idaho,83405,mwallbankj@wired.com,208-130-2193,LOAN-0020,Home improvement,59177,98233.74,22,300%,TRX-LOAN-0020-016,09-01-2024,16,22,Virtual Account,4465.17,71442.72,26791.02,Paid,CUST-0020_Maximilianus_Wallbank.pdf,16
Maximilianus Wallbank,2 Helena Street,Idaho Falls,Idaho,83405,mwallbankj@wired.com,208-130-2193,LOAN-0020,Home improvement,59177,98233.74,22,300%,TRX-LOAN-0020-017,10-02-2024,17,22,Auto Debit,4465.17,75907.89,22325.85,Paid,CUST-0020_Maximilianus_Wallbank.pdf,17
Maximilianus Wallbank,2 Helena Street,Idaho Falls,Idaho,83405,mwallbankj@wired.com,208-130-2193,LOAN-0020,Home improvement,59177,98233.74,22,300%,TRX-LOAN-0020-018,25-03-2024,18,22,Virtual Account,4465.17,80373.06,17860.68,Late,CUST-0020_Maximilianus_Wallbank.pdf,18
Maximilianus Wallbank,2 Helena Street,Idaho Falls,Idaho,83405,mwallbankj@wired.com,208-130-2193,LOAN-0020,Home improvement,59177,98233.74,22,300%,TRX-LOAN-0020-019,15-04-2024,19,22,Bank Transfer,4465.17,84838.23,13395.51,Late,CUST-0020_Maximilianus_Wallbank.pdf,19
Maximilianus Wallbank,2 Helena Street,Idaho Falls,Idaho,83405,mwallbankj@wired.com,208-130-2193,LOAN-0020,Home improvement,59177,98233.74,22,300%,TRX-LOAN-0020-020,07-05-2024,20,22,Virtual Account,4465.17,89303.4,8930.34,Paid,CUST-0020_Maximilianus_Wallbank.pdf,20
Maximilianus Wallbank,2 Helena Street,Idaho Falls,Idaho,83405,mwallbankj@wired.com,208-130-2193,LOAN-0020,Home improvement,59177,98233.74,22,300%,TRX-LOAN-0020-021,09-06-2024,21,22,Auto Debit,4465.17,93768.57,4465.17,Paid,CUST-0020_Maximilianus_Wallbank.pdf,21
Maximilianus Wallbank,2 Helena Street,Idaho Falls,Idaho,83405,mwallbankj@wired.com,208-130-2193,LOAN-0020,Home improvement,59177,98233.74,22,300%,TRX-LOAN-0020-022,10-07-2024,22,22,Bank Transfer,4465.17,98233.74,0,Paid,CUST-0020_Maximilianus_Wallbank.pdf,22
Odella Eccleshare,220 Dahle Trail,Saint Louis,Missouri,63158,oecclesharem@geocities.jp,314-190-3422,LOAN-0023,Home improvement,82160,143779.95,15,500%,TRX-LOAN-0023-001,09-06-2022,1,15,Auto Debit,9585.33,9585.33,134194.62,Paid,CUST-0023_Odella_Eccleshare.pdf,1
Odella Eccleshare,220 Dahle Trail,Saint Louis,Missouri,63158,oecclesharem@geocities.jp,314-190-3422,LOAN-0023,Home improvement,82160,143779.95,15,500%,TRX-LOAN-0023-002,11-07-2022,2,15,Virtual Account,9585.33,19170.66,124609.29,Paid,CUST-0023_Odella_Eccleshare.pdf,2
Odella Eccleshare,220 Dahle Trail,Saint Louis,Missouri,63158,oecclesharem@geocities.jp,314-190-3422,LOAN-0023,Home improvement,82160,143779.95,15,500%,TRX-LOAN-0023-003,09-08-2022,3,15,Bank Transfer,9585.33,28755.99,115023.96,Paid,CUST-0023_Odella_Eccleshare.pdf,3
Odella Eccleshare,220 Dahle Trail,Saint Louis,Missouri,63158,oecclesharem@geocities.jp,314-190-3422,LOAN-0023,Home improvement,82160,143779.95,15,500%,TRX-LOAN-0023-004,12-09-2022,4,15,Bank Transfer,9585.33,38341.32,105438.63,Paid,CUST-0023_Odella_Eccleshare.pdf,4
Odella Eccleshare,220 Dahle Trail,Saint Louis,Missouri,63158,oecclesharem@geocities.jp,314-190-3422,LOAN-0023,Home improvement,82160,143779.95,15,500%,TRX-LOAN-0023-005,12-10-2022,5,15,Bank Transfer,9585.33,47926.65,95853.3,Paid,CUST-0023_Odella_Eccleshare.pdf,5
Odella Eccleshare,220 Dahle Trail,Saint Louis,Missouri,63158,oecclesharem@geocities.jp,314-190-3422,LOAN-0023,Home improvement,82160,143779.95,15,500%,TRX-LOAN-0023-006,12-11-2022,6,15,Bank Transfer,9585.33,57511.98,86267.97,Paid,CUST-0023_Odella_Eccleshare.pdf,6
Odella Eccleshare,220 Dahle Trail,Saint Louis,Missouri,63158,oecclesharem@geocities.jp,314-190-3422,LOAN-0023,Home improvement,82160,143779.95,15,500%,TRX-LOAN-0023-007,12-12-2022,7,15,Auto Debit,9585.33,67097.31,76682.64,Paid,CUST-0023_Odella_Eccleshare.pdf,7
Odella Eccleshare,220 Dahle Trail,Saint Louis,Missouri,63158,oecclesharem@geocities.jp,314-190-3422,LOAN-0023,Home improvement,82160,143779.95,15,500%,TRX-LOAN-0023-008,12-01-2023,8,15,Virtual Account,9585.33,76682.64,67097.31,Paid,CUST-0023_Odella_Eccleshare.pdf,8
Odella Eccleshare,220 Dahle Trail,Saint Louis,Missouri,63158,oecclesharem@geocities.jp,314-190-3422,LOAN-0023,Home improvement,82160,143779.95,15,500%,TRX-LOAN-0023-009,11-02-2023,9,15,Virtual Account,9585.33,86267.97,57511.98,Paid,CUST-0023_Odella_Eccleshare.pdf,9
Odella Eccleshare,220 Dahle Trail,Saint Louis,Missouri,63158,oecclesharem@geocities.jp,314-190-3422,LOAN-0023,Home improvement,82160,143779.95,15,500%,TRX-LOAN-0023-010,08-03-2023,10,15,Auto Debit,9585.33,95853.3,47926.65,Paid,CUST-0023_Odella_Eccleshare.pdf,10
Odella Eccleshare,220 Dahle Trail,Saint Louis,Missouri,63158,oecclesharem@geocities.jp,314-190-3422,LOAN-0023,Home improvement,82160,143779.95,15,500%,TRX-LOAN-0023-011,11-04-2023,11,15,Auto Debit,9585.33,105438.63,38341.32,Paid,CUST-0023_Odella_Eccleshare.pdf,11
Odella Eccleshare,220 Dahle Trail,Saint Louis,Missouri,63158,oecclesharem@geocities.jp,314-190-3422,LOAN-0023,Home improvement,82160,143779.95,15,500%,TRX-LOAN-0023-012,10-05-2023,12,15,Auto Debit,9585.33,115023.96,28755.99,Paid,CUST-0023_Odella_Eccleshare.pdf,12
Odella Eccleshare,220 Dahle Trail,Saint Louis,Missouri,63158,oecclesharem@geocities.jp,314-190-3422,LOAN-0023,Home improvement,82160,143779.95,15,500%,TRX-LOAN-0023-013,09-06-2023,13,15,Bank Transfer,9585.33,124609.29,19170.66,Paid,CUST-0023_Odella_Eccleshare.pdf,13
Odella Eccleshare,220 Dahle Trail,Saint Louis,Missouri,63158,oecclesharem@geocities.jp,314-190-3422,LOAN-0023,Home improvement,82160,143779.95,15,500%,TRX-LOAN-0023-014,14-07-2023,14,15,Bank Transfer,9585.33,134194.62,9585.33,Late,CUST-0023_Odella_Eccleshare.pdf,14
Odella Eccleshare,220 Dahle Trail,Saint Louis,Missouri,63158,oecclesharem@geocities.jp,314-190-3422,LOAN-0023,Home improvement,82160,143779.95,15,500%,TRX-LOAN-0023-015,09-08-2023,15,15,Bank Transfer,9585.33,143779.95,0,Paid,CUST-0023_Odella_Eccleshare.pdf,15
Karoly Jebb,49 Ohio Terrace,San Diego,California,92145,kjebbo@buzzfeed.com,858-483-3650,LOAN-0025,Home improvement,69780,90714,5,600%,TRX-LOAN-0025-001,28-07-2022,1,5,Bank Transfer,18142.8,18142.8,72571.2,Paid,CUST-0025_Karoly_Jebb.pdf,1
Karoly Jebb,49 Ohio Terrace,San Diego,California,92145,kjebbo@buzzfeed.com,858-483-3650,LOAN-0025,Home improvement,69780,90714,5,600%,TRX-LOAN-0025-002,28-08-2022,2,5,Virtual Account,18142.8,36285.6,54428.4,Paid,CUST-0025_Karoly_Jebb.pdf,2
Karoly Jebb,49 Ohio Terrace,San Diego,California,92145,kjebbo@buzzfeed.com,858-483-3650,LOAN-0025,Home improvement,69780,90714,5,600%,TRX-LOAN-0025-003,02-10-2022,3,5,Bank Transfer,18142.8,54428.4,36285.6,Paid,CUST-0025_Karoly_Jebb.pdf,3
Karoly Jebb,49 Ohio Terrace,San Diego,California,92145,kjebbo@buzzfeed.com,858-483-3650,LOAN-0025,Home improvement,69780,90714,5,600%,TRX-LOAN-0025-004,28-10-2022,4,5,Virtual Account,18142.8,72571.2,18142.8,Paid,CUST-0025_Karoly_Jebb.pdf,4
Karoly Jebb,49 Ohio Terrace,San Diego,California,92145,kjebbo@buzzfeed.com,858-483-3650,LOAN-0025,Home improvement,69780,90714,5,600%,TRX-LOAN-0025-005,28-11-2022,5,5,Auto Debit,18142.8,90714,0,Paid,CUST-0025_Karoly_Jebb.pdf,5
Claudio Halifax,28635 Moose Trail,San Francisco,California,94142,chalifaxp@bloomberg.com,415-874-7405,LOAN-0026,Home improvement,94925,325592.73,27,900%,TRX-LOAN-0026-001,23-04-2022,1,27,Virtual Account,12058.99,12058.99,313533.74,Paid,CUST-0026_Claudio_Halifax.pdf,1
Claudio Halifax,28635 Moose Trail,San Francisco,California,94142,chalifaxp@bloomberg.com,415-874-7405,LOAN-0026,Home improvement,94925,325592.73,27,900%,TRX-LOAN-0026-002,26-05-2022,2,27,Auto Debit,12058.99,24117.98,301474.75,Late,CUST-0026_Claudio_Halifax.pdf,2
Claudio Halifax,28635 Moose Trail,San Francisco,California,94142,chalifaxp@bloomberg.com,415-874-7405,LOAN-0026,Home improvement,94925,325592.73,27,900%,TRX-LOAN-0026-003,23-06-2022,3,27,Virtual Account,12058.99,36176.97,289415.76,Paid,CUST-0026_Claudio_Halifax.pdf,3
Claudio Halifax,28635 Moose Trail,San Francisco,California,94142,chalifaxp@bloomberg.com,415-874-7405,LOAN-0026,Home improvement,94925,325592.73,27,900%,TRX-LOAN-0026-004,22-07-2022,4,27,Auto Debit,12058.99,48235.96,277356.77,Paid,CUST-0026_Claudio_Halifax.pdf,4
Claudio Halifax,28635 Moose Trail,San Francisco,California,94142,chalifaxp@bloomberg.com,415-874-7405,LOAN-0026,Home improvement,94925,325592.73,27,900%,TRX-LOAN-0026-005,25-08-2022,5,27,Virtual Account,12058.99,60294.95,265297.78,Paid,CUST-0026_Claudio_Halifax.pdf,5
Claudio Halifax,28635 Moose Trail,San Francisco,California,94142,chalifaxp@bloomberg.com,415-874-7405,LOAN-0026,Home improvement,94925,325592.73,27,900%,TRX-LOAN-0026-006,24-09-2022,6,27,Auto Debit,12058.99,72353.94,253238.79,Paid,CUST-0026_Claudio_Halifax.pdf,6
Claudio Halifax,28635 Moose Trail,San Francisco,California,94142,chalifaxp@bloomberg.com,415-874-7405,LOAN-0026,Home improvement,94925,325592.73,27,900%,TRX-LOAN-0026-007,24-10-2022,7,27,Auto Debit,12058.99,84412.93,241179.8,Paid,CUST-0026_Claudio_Halifax.pdf,7
Claudio Halifax,28635 Moose Trail,San Francisco,California,94142,chalifaxp@bloomberg.com,415-874-7405,LOAN-0026,Home improvement,94925,325592.73,27,900%,TRX-LOAN-0026-008,21-11-2022,8,27,Bank Transfer,12058.99,96471.92,229120.81,Paid,CUST-0026_Claudio_Halifax.pdf,8
Claudio Halifax,28635 Moose Trail,San Francisco,California,94142,chalifaxp@bloomberg.com,415-874-7405,LOAN-0026,Home improvement,94925,325592.73,27,900%,TRX-LOAN-0026-009,24-12-2022,9,27,Bank Transfer,12058.99,108530.91,217061.82,Paid,CUST-0026_Claudio_Halifax.pdf,9
Claudio Halifax,28635 Moose Trail,San Francisco,California,94142,chalifaxp@bloomberg.com,415-874-7405,LOAN-0026,Home improvement,94925,325592.73,27,900%,TRX-LOAN-0026-010,21-01-2023,10,27,Auto Debit,12058.99,120589.9,205002.83,Paid,CUST-0026_Claudio_Halifax.pdf,10
Claudio Halifax,28635 Moose Trail,San Francisco,California,94142,chalifaxp@bloomberg.com,415-874-7405,LOAN-0026,Home improvement,94925,325592.73,27,900%,TRX-LOAN-0026-011,25-02-2023,11,27,Bank Transfer,12058.99,132648.89,192943.84,Paid,CUST-0026_Claudio_Halifax.pdf,11
Claudio Halifax,28635 Moose Trail,San Francisco,California,94142,chalifaxp@bloomberg.com,415-874-7405,LOAN-0026,Home improvement,94925,325592.73,27,900%,TRX-LOAN-0026-012,22-03-2023,12,27,Virtual Account,12058.99,144707.88,180884.85,Paid,CUST-0026_Claudio_Halifax.pdf,12
Claudio Halifax,28635 Moose Trail,San Francisco,California,94142,chalifaxp@bloomberg.com,415-874-7405,LOAN-0026,Home improvement,94925,325592.73,27,900%,TRX-LOAN-0026-013,23-04-2023,13,27,Auto Debit,12058.99,156766.87,168825.86,Paid,CUST-0026_Claudio_Halifax.pdf,13
Claudio Halifax,28635 Moose Trail,San Francisco,California,94142,chalifaxp@bloomberg.com,415-874-7405,LOAN-0026,Home improvement,94925,325592.73,27,900%,TRX-LOAN-0026-014,28-05-2023,14,27,Auto Debit,12058.99,168825.86,156766.87,Late,CUST-0026_Claudio_Halifax.pdf,14
Claudio Halifax,28635 Moose Trail,San Francisco,California,94142,chalifaxp@bloomberg.com,415-874-7405,LOAN-0026,Home improvement,94925,325592.73,27,900%,TRX-LOAN-0026-015,01-07-2023,15,27,Virtual Account,12058.99,180884.85,144707.88,Late,CUST-0026_Claudio_Halifax.pdf,15
Claudio Halifax,28635 Moose Trail,San Francisco,California,94142,chalifaxp@bloomberg.com,415-874-7405,LOAN-0026,Home improvement,94925,325592.73,27,900%,TRX-LOAN-0026-016,25-07-2023,16,27,Bank Transfer,12058.99,192943.84,132648.89,Paid,CUST-0026_Claudio_Halifax.pdf,16
Claudio Halifax,28635 Moose Trail,San Francisco,California,94142,chalifaxp@bloomberg.com,415-874-7405,LOAN-0026,Home improvement,94925,325592.73,27,900%,TRX-LOAN-0026-017,23-08-2023,17,27,Bank Transfer,12058.99,205002.83,120589.9,Paid,CUST-0026_Claudio_Halifax.pdf,17
Claudio Halifax,28635 Moose Trail,San Francisco,California,94142,chalifaxp@bloomberg.com,415-874-7405,LOAN-0026,Home improvement,94925,325592.73,27,900%,TRX-LOAN-0026-018,21-09-2023,18,27,Virtual Account,12058.99,217061.82,108530.91,Paid,CUST-0026_Claudio_Halifax.pdf,18
Claudio Halifax,28635 Moose Trail,San Francisco,California,94142,chalifaxp@bloomberg.com,415-874-7405,LOAN-0026,Home improvement,94925,325592.73,27,900%,TRX-LOAN-0026-019,23-10-2023,19,27,Virtual Account,12058.99,229120.81,96471.92,Paid,CUST-0026_Claudio_Halifax.pdf,19
Claudio Halifax,28635 Moose Trail,San Francisco,California,94142,chalifaxp@bloomberg.com,415-874-7405,LOAN-0026,Home improvement,94925,325592.73,27,900%,TRX-LOAN-0026-020,22-11-2023,20,27,Virtual Account,12058.99,241179.8,84412.93,Paid,CUST-0026_Claudio_Halifax.pdf,20
Claudio Halifax,28635 Moose Trail,San Francisco,California,94142,chalifaxp@bloomberg.com,415-874-7405,LOAN-0026,Home improvement,94925,325592.73,27,900%,TRX-LOAN-0026-021,23-12-2023,21,27,Auto Debit,12058.99,253238.79,72353.94,Paid,CUST-0026_Claudio_Halifax.pdf,21
Claudio Halifax,28635 Moose Trail,San Francisco,California,94142,chalifaxp@bloomberg.com,415-874-7405,LOAN-0026,Home improvement,94925,325592.73,27,900%,TRX-LOAN-0026-022,25-01-2024,22,27,Virtual Account,12058.99,265297.78,60294.95,Paid,CUST-0026_Claudio_Halifax.pdf,22
Claudio Halifax,28635 Moose Trail,San Francisco,California,94142,chalifaxp@bloomberg.com,415-874-7405,LOAN-0026,Home improvement,94925,325592.73,27,900%,TRX-LOAN-0026-023,25-02-2024,23,27,Virtual Account,12058.99,277356.77,48235.96,Paid,CUST-0026_Claudio_Halifax.pdf,23
Claudio Halifax,28635 Moose Trail,San Francisco,California,94142,chalifaxp@bloomberg.com,415-874-7405,LOAN-0026,Home improvement,94925,325592.73,27,900%,TRX-LOAN-0026-024,21-03-2024,24,27,Auto Debit,12058.99,289415.76,36176.97,Paid,CUST-0026_Claudio_Halifax.pdf,24
Claudio Halifax,28635 Moose Trail,San Francisco,California,94142,chalifaxp@bloomberg.com,415-874-7405,LOAN-0026,Home improvement,94925,325592.73,27,900%,TRX-LOAN-0026-025,21-04-2024,25,27,Virtual Account,12058.99,301474.75,24117.98,Paid,CUST-0026_Claudio_Halifax.pdf,25
Claudio Halifax,28635 Moose Trail,San Francisco,California,94142,chalifaxp@bloomberg.com,415-874-7405,LOAN-0026,Home improvement,94925,325592.73,27,900%,TRX-LOAN-0026-026,23-05-2024,26,27,Bank Transfer,12058.99,313533.74,12058.99,Paid,CUST-0026_Claudio_Halifax.pdf,26
Claudio Halifax,28635 Moose Trail,San Francisco,California,94142,chalifaxp@bloomberg.com,415-874-7405,LOAN-0026,Home improvement,94925,325592.73,27,900%,TRX-LOAN-0026-027,24-06-2024,27,27,Auto Debit,12058.99,325592.73,0,Paid,CUST-0026_Claudio_Halifax.pdf,27
Mina Madden,0 7th Avenue,New York City,New York,10125,mmaddens@intel.com,212-134-9079,LOAN-0029,Debt consolidation,55998,257590.8,60,600%,TRX-LOAN-0029-001,09-08-2022,1,60,Bank Transfer,4293.18,4293.18,253297.62,Late,CUST-0029_Mina_Madden.pdf,1
Mina Madden,0 7th Avenue,New York City,New York,10125,mmaddens@intel.com,212-134-9079,LOAN-0029,Debt consolidation,55998,257590.8,60,600%,TRX-LOAN-0029-002,03-09-2022,2,60,Virtual Account,4293.18,8586.36,249004.44,Paid,CUST-0029_Mina_Madden.pdf,2
Mina Madden,0 7th Avenue,New York City,New York,10125,mmaddens@intel.com,212-134-9079,LOAN-0029,Debt consolidation,55998,257590.8,60,600%,TRX-LOAN-0029-003,01-10-2022,3,60,Virtual Account,4293.18,12879.54,244711.26,Paid,CUST-0029_Mina_Madden.pdf,3
Mina Madden,0 7th Avenue,New York City,New York,10125,mmaddens@intel.com,212-134-9079,LOAN-0029,Debt consolidation,55998,257590.8,60,600%,TRX-LOAN-0029-004,07-11-2022,4,60,Auto Debit,4293.18,17172.72,240418.08,Late,CUST-0029_Mina_Madden.pdf,4
Mina Madden,0 7th Avenue,New York City,New York,10125,mmaddens@intel.com,212-134-9079,LOAN-0029,Debt consolidation,55998,257590.8,60,600%,TRX-LOAN-0029-005,01-12-2022,5,60,Virtual Account,4293.18,21465.9,236124.9,Paid,CUST-0029_Mina_Madden.pdf,5
Mina Madden,0 7th Avenue,New York City,New York,10125,mmaddens@intel.com,212-134-9079,LOAN-0029,Debt consolidation,55998,257590.8,60,600%,TRX-LOAN-0029-006,03-01-2023,6,60,Virtual Account,4293.18,25759.08,231831.72,Paid,CUST-0029_Mina_Madden.pdf,6
Mina Madden,0 7th Avenue,New York City,New York,10125,mmaddens@intel.com,212-134-9079,LOAN-0029,Debt consolidation,55998,257590.8,60,600%,TRX-LOAN-0029-007,01-02-2023,7,60,Auto Debit,4293.18,30052.26,227538.54,Paid,CUST-0029_Mina_Madden.pdf,7
Mina Madden,0 7th Avenue,New York City,New York,10125,mmaddens@intel.com,212-134-9079,LOAN-0029,Debt consolidation,55998,257590.8,60,600%,TRX-LOAN-0029-008,04-03-2023,8,60,Auto Debit,4293.18,34345.44,223245.36,Paid,CUST-0029_Mina_Madden.pdf,8
Mina Madden,0 7th Avenue,New York City,New York,10125,mmaddens@intel.com,212-134-9079,LOAN-0029,Debt consolidation,55998,257590.8,60,600%,TRX-LOAN-0029-009,03-04-2023,9,60,Virtual Account,4293.18,38638.62,218952.18,Paid,CUST-0029_Mina_Madden.pdf,9
Mina Madden,0 7th Avenue,New York City,New York,10125,mmaddens@intel.com,212-134-9079,LOAN-0029,Debt consolidation,55998,257590.8,60,600%,TRX-LOAN-0029-010,30-04-2023,10,60,Virtual Account,4293.18,42931.8,214659,Paid,CUST-0029_Mina_Madden.pdf,10
Mina Madden,0 7th Avenue,New York City,New York,10125,mmaddens@intel.com,212-134-9079,LOAN-0029,Debt consolidation,55998,257590.8,60,600%,TRX-LOAN-0029-011,31-05-2023,11,60,Auto Debit,4293.18,47224.98,210365.82,Paid,CUST-0029_Mina_Madden.pdf,11
Mina Madden,0 7th Avenue,New York City,New York,10125,mmaddens@intel.com,212-134-9079,LOAN-0029,Debt consolidation,55998,257590.8,60,600%,TRX-LOAN-0029-012,30-06-2023,12,60,Auto Debit,4293.18,51518.16,206072.64,Paid,CUST-0029_Mina_Madden.pdf,12
Mina Madden,0 7th Avenue,New York City,New York,10125,mmaddens@intel.com,212-134-9079,LOAN-0029,Debt consolidation,55998,257590.8,60,600%,TRX-LOAN-0029-013,17-08-2023,13,60,Auto Debit,4293.18,55811.34,201779.46,Late,CUST-0029_Mina_Madden.pdf,13
Mina Madden,0 7th Avenue,New York City,New York,10125,mmaddens@intel.com,212-134-9079,LOAN-0029,Debt consolidation,55998,257590.8,60,600%,TRX-LOAN-0029-014,02-09-2023,14,60,Virtual Account,4293.18,60104.52,197486.28,Paid,CUST-0029_Mina_Madden.pdf,14
Mina Madden,0 7th Avenue,New York City,New York,10125,mmaddens@intel.com,212-134-9079,LOAN-0029,Debt consolidation,55998,257590.8,60,600%,TRX-LOAN-0029-015,03-10-2023,15,60,Bank Transfer,4293.18,64397.7,193193.1,Paid,CUST-0029_Mina_Madden.pdf,15
Mina Madden,0 7th Avenue,New York City,New York,10125,mmaddens@intel.com,212-134-9079,LOAN-0029,Debt consolidation,55998,257590.8,60,600%,TRX-LOAN-0029-016,03-11-2023,16,60,Bank Transfer,4293.18,68690.88,188899.92,Paid,CUST-0029_Mina_Madden.pdf,16
Mina Madden,0 7th Avenue,New York City,New York,10125,mmaddens@intel.com,212-134-9079,LOAN-0029,Debt consolidation,55998,257590.8,60,600%,TRX-LOAN-0029-017,01-12-2023,17,60,Auto Debit,4293.18,72984.06,184606.74,Paid,CUST-0029_Mina_Madden.pdf,17
Mina Madden,0 7th Avenue,New York City,New York,10125,mmaddens@intel.com,212-134-9079,LOAN-0029,Debt consolidation,55998,257590.8,60,600%,TRX-LOAN-0029-018,03-01-2024,18,60,Auto Debit,4293.18,77277.24,180313.56,Paid,CUST-0029_Mina_Madden.pdf,18
Mina Madden,0 7th Avenue,New York City,New York,10125,mmaddens@intel.com,212-134-9079,LOAN-0029,Debt consolidation,55998,257590.8,60,600%,TRX-LOAN-0029-019,31-01-2024,19,60,Bank Transfer,4293.18,81570.42,176020.38,Paid,CUST-0029_Mina_Madden.pdf,19
Mina Madden,0 7th Avenue,New York City,New York,10125,mmaddens@intel.com,212-134-9079,LOAN-0029,Debt consolidation,55998,257590.8,60,600%,TRX-LOAN-0029-020,03-03-2024,20,60,Auto Debit,4293.18,85863.6,171727.2,Paid,CUST-0029_Mina_Madden.pdf,20
Mina Madden,0 7th Avenue,New York City,New York,10125,mmaddens@intel.com,212-134-9079,LOAN-0029,Debt consolidation,55998,257590.8,60,600%,TRX-LOAN-0029-021,02-04-2024,21,60,Bank Transfer,4293.18,90156.78,167434.02,Paid,CUST-0029_Mina_Madden.pdf,21
Mina Madden,0 7th Avenue,New York City,New York,10125,mmaddens@intel.com,212-134-9079,LOAN-0029,Debt consolidation,55998,257590.8,60,600%,TRX-LOAN-0029-022,02-05-2024,22,60,Auto Debit,4293.18,94449.96,163140.84,Paid,CUST-0029_Mina_Madden.pdf,22
Mina Madden,0 7th Avenue,New York City,New York,10125,mmaddens@intel.com,212-134-9079,LOAN-0029,Debt consolidation,55998,257590.8,60,600%,TRX-LOAN-0029-023,02-06-2024,23,60,Virtual Account,4293.18,98743.14,158847.66,Paid,CUST-0029_Mina_Madden.pdf,23
Mina Madden,0 7th Avenue,New York City,New York,10125,mmaddens@intel.com,212-134-9079,LOAN-0029,Debt consolidation,55998,257590.8,60,600%,TRX-LOAN-0029-024,09-07-2024,24,60,Virtual Account,4293.18,103036.32,154554.48,Late,CUST-0029_Mina_Madden.pdf,24
Mina Madden,0 7th Avenue,New York City,New York,10125,mmaddens@intel.com,212-134-9079,LOAN-0029,Debt consolidation,55998,257590.8,60,600%,TRX-LOAN-0029-025,02-08-2024,25,60,Bank Transfer,4293.18,107329.5,150261.3,Paid,CUST-0029_Mina_Madden.pdf,25
Mina Madden,0 7th Avenue,New York City,New York,10125,mmaddens@intel.com,212-134-9079,LOAN-0029,Debt consolidation,55998,257590.8,60,600%,TRX-LOAN-0029-026,30-08-2024,26,60,Auto Debit,4293.18,111622.68,145968.12,Paid,CUST-0029_Mina_Madden.pdf,26
Mina Madden,0 7th Avenue,New York City,New York,10125,mmaddens@intel.com,212-134-9079,LOAN-0029,Debt consolidation,55998,257590.8,60,600%,TRX-LOAN-0029-027,04-10-2024,27,60,Auto Debit,4293.18,115915.86,141674.94,Paid,CUST-0029_Mina_Madden.pdf,27
Mina Madden,0 7th Avenue,New York City,New York,10125,mmaddens@intel.com,212-134-9079,LOAN-0029,Debt consolidation,55998,257590.8,60,600%,TRX-LOAN-0029-028,02-11-2024,28,60,Auto Debit,4293.18,120209.04,137381.76,Paid,CUST-0029_Mina_Madden.pdf,28
Mina Madden,0 7th Avenue,New York City,New York,10125,mmaddens@intel.com,212-134-9079,LOAN-0029,Debt consolidation,55998,257590.8,60,600%,TRX-LOAN-0029-029,02-12-2024,29,60,Bank Transfer,4293.18,124502.22,133088.58,Paid,CUST-0029_Mina_Madden.pdf,29
Mina Madden,0 7th Avenue,New York City,New York,10125,mmaddens@intel.com,212-134-9079,LOAN-0029,Debt consolidation,55998,257590.8,60,600%,TRX-LOAN-0029-030,30-12-2024,30,60,Virtual Account,4293.18,128795.4,128795.4,Paid,CUST-0029_Mina_Madden.pdf,30
Mina Madden,0 7th Avenue,New York City,New York,10125,mmaddens@intel.com,212-134-9079,LOAN-0029,Debt consolidation,55998,257590.8,60,600%,TRX-LOAN-0029-031,02-02-2025,31,60,Bank Transfer,4293.18,133088.58,124502.22,Paid,CUST-0029_Mina_Madden.pdf,31
Mina Madden,0 7th Avenue,New York City,New York,10125,mmaddens@intel.com,212-134-9079,LOAN-0029,Debt consolidation,55998,257590.8,60,600%,TRX-LOAN-0029-032,04-03-2025,32,60,Virtual Account,4293.18,137381.76,120209.04,Paid,CUST-0029_Mina_Madden.pdf,32
Mina Madden,0 7th Avenue,New York City,New York,10125,mmaddens@intel.com,212-134-9079,LOAN-0029,Debt consolidation,55998,257590.8,60,600%,TRX-LOAN-0029-033,15-04-2025,33,60,Virtual Account,4293.18,141674.94,115915.86,Late,CUST-0029_Mina_Madden.pdf,33
Mina Madden,0 7th Avenue,New York City,New York,10125,mmaddens@intel.com,212-134-9079,LOAN-0029,Debt consolidation,55998,257590.8,60,600%,TRX-LOAN-0029-034,03-05-2025,34,60,Auto Debit,4293.18,145968.12,111622.68,Paid,CUST-0029_Mina_Madden.pdf,34
Mina Madden,0 7th Avenue,New York City,New York,10125,mmaddens@intel.com,212-134-9079,LOAN-0029,Debt consolidation,55998,257590.8,60,600%,TRX-LOAN-0029-035,01-06-2025,35,60,Bank Transfer,4293.18,150261.3,107329.5,Paid,CUST-0029_Mina_Madden.pdf,35
Mina Madden,0 7th Avenue,New York City,New York,10125,mmaddens@intel.com,212-134-9079,LOAN-0029,Debt consolidation,55998,257590.8,60,600%,TRX-LOAN-0029-036,17-07-2025,36,60,Virtual Account,4293.18,154554.48,103036.32,Late,CUST-0029_Mina_Madden.pdf,36
Mina Madden,0 7th Avenue,New York City,New York,10125,mmaddens@intel.com,212-134-9079,LOAN-0029,Debt consolidation,55998,257590.8,60,600%,TRX-LOAN-0029-037,01-08-2025,37,60,Auto Debit,4293.18,158847.66,98743.14,Paid,CUST-0029_Mina_Madden.pdf,37
Mina Madden,0 7th Avenue,New York City,New York,10125,mmaddens@intel.com,212-134-9079,LOAN-0029,Debt consolidation,55998,257590.8,60,600%,TRX-LOAN-0029-038,30-08-2025,38,60,Bank Transfer,4293.18,163140.84,94449.96,Paid,CUST-0029_Mina_Madden.pdf,38
Mina Madden,0 7th Avenue,New York City,New York,10125,mmaddens@intel.com,212-134-9079,LOAN-0029,Debt consolidation,55998,257590.8,60,600%,TRX-LOAN-0029-039,03-10-2025,39,60,Virtual Account,4293.18,167434.02,90156.78,Paid,CUST-0029_Mina_Madden.pdf,39
Mina Madden,0 7th Avenue,New York City,New York,10125,mmaddens@intel.com,212-134-9079,LOAN-0029,Debt consolidation,55998,257590.8,60,600%,TRX-LOAN-0029-040,30-10-2025,40,60,Virtual Account,4293.18,171727.2,85863.6,Paid,CUST-0029_Mina_Madden.pdf,40
Mina Madden,0 7th Avenue,New York City,New York,10125,mmaddens@intel.com,212-134-9079,LOAN-0029,Debt consolidation,55998,257590.8,60,600%,TRX-LOAN-0029-041,03-12-2025,41,60,Auto Debit,4293.18,176020.38,81570.42,Paid,CUST-0029_Mina_Madden.pdf,41
Mina Madden,0 7th Avenue,New York City,New York,10125,mmaddens@intel.com,212-134-9079,LOAN-0029,Debt consolidation,55998,257590.8,60,600%,TRX-LOAN-0029-042,02-01-2026,42,60,Virtual Account,4293.18,180313.56,77277.24,Paid,CUST-0029_Mina_Madden.pdf,42
Mina Madden,0 7th Avenue,New York City,New York,10125,mmaddens@intel.com,212-134-9079,LOAN-0029,Debt consolidation,55998,257590.8,60,600%,TRX-LOAN-0029-043,31-01-2026,43,60,Bank Transfer,4293.18,184606.74,72984.06,Paid,CUST-0029_Mina_Madden.pdf,43
Mina Madden,0 7th Avenue,New York City,New York,10125,mmaddens@intel.com,212-134-9079,LOAN-0029,Debt consolidation,55998,257590.8,60,600%,TRX-LOAN-0029-044,06-03-2026,44,60,Bank Transfer,4293.18,188899.92,68690.88,Paid,CUST-0029_Mina_Madden.pdf,44
Mina Madden,0 7th Avenue,New York City,New York,10125,mmaddens@intel.com,212-134-9079,LOAN-0029,Debt consolidation,55998,257590.8,60,600%,TRX-LOAN-0029-045,30-03-2026,45,60,Virtual Account,4293.18,193193.1,64397.7,Paid,CUST-0029_Mina_Madden.pdf,45
Mina Madden,0 7th Avenue,New York City,New York,10125,mmaddens@intel.com,212-134-9079,LOAN-0029,Debt consolidation,55998,257590.8,60,600%,TRX-LOAN-0029-046,01-05-2026,46,60,Bank Transfer,4293.18,197486.28,60104.52,Paid,CUST-0029_Mina_Madden.pdf,46
Mina Madden,0 7th Avenue,New York City,New York,10125,mmaddens@intel.com,212-134-9079,LOAN-0029,Debt consolidation,55998,257590.8,60,600%,TRX-LOAN-0029-047,30-05-2026,47,60,Virtual Account,4293.18,201779.46,55811.34,Paid,CUST-0029_Mina_Madden.pdf,47
Mina Madden,0 7th Avenue,New York City,New York,10125,mmaddens@intel.com,212-134-9079,LOAN-0029,Debt consolidation,55998,257590.8,60,600%,TRX-LOAN-0029-048,02-07-2026,48,60,Bank Transfer,4293.18,206072.64,51518.16,Paid,CUST-0029_Mina_Madden.pdf,48
Aksel Traice,0 Delaware Alley,Levittown,Pennsylvania,19058,atraicey@skype.com,267-994-9600,LOAN-0035,Education,60851,175859.37,27,700%,TRX-LOAN-0035-001,18-01-2023,1,27,Bank Transfer,6513.31,6513.31,169346.06,Paid,CUST-0035_Aksel_Traice.pdf,1
Aksel Traice,0 Delaware Alley,Levittown,Pennsylvania,19058,atraicey@skype.com,267-994-9600,LOAN-0035,Education,60851,175859.37,27,700%,TRX-LOAN-0035-002,28-02-2023,2,27,Bank Transfer,6513.31,13026.62,162832.75,Late,CUST-0035_Aksel_Traice.pdf,2
Aksel Traice,0 Delaware Alley,Levittown,Pennsylvania,19058,atraicey@skype.com,267-994-9600,LOAN-0035,Education,60851,175859.37,27,700%,TRX-LOAN-0035-003,20-03-2023,3,27,Virtual Account,6513.31,19539.93,156319.44,Paid,CUST-0035_Aksel_Traice.pdf,3
Aksel Traice,0 Delaware Alley,Levittown,Pennsylvania,19058,atraicey@skype.com,267-994-9600,LOAN-0035,Education,60851,175859.37,27,700%,TRX-LOAN-0035-004,30-04-2023,4,27,Bank Transfer,6513.31,26053.24,149806.13,Late,CUST-0035_Aksel_Traice.pdf,4
Aksel Traice,0 Delaware Alley,Levittown,Pennsylvania,19058,atraicey@skype.com,267-994-9600,LOAN-0035,Education,60851,175859.37,27,700%,TRX-LOAN-0035-005,18-05-2023,5,27,Virtual Account,6513.31,32566.55,143292.82,Paid,CUST-0035_Aksel_Traice.pdf,5
Aksel Traice,0 Delaware Alley,Levittown,Pennsylvania,19058,atraicey@skype.com,267-994-9600,LOAN-0035,Education,60851,175859.37,27,700%,TRX-LOAN-0035-006,19-06-2023,6,27,Virtual Account,6513.31,39079.86,136779.51,Paid,CUST-0035_Aksel_Traice.pdf,6
Aksel Traice,0 Delaware Alley,Levittown,Pennsylvania,19058,atraicey@skype.com,267-994-9600,LOAN-0035,Education,60851,175859.37,27,700%,TRX-LOAN-0035-007,21-07-2023,7,27,Auto Debit,6513.31,45593.17,130266.2,Paid,CUST-0035_Aksel_Traice.pdf,7
Aksel Traice,0 Delaware Alley,Levittown,Pennsylvania,19058,atraicey@skype.com,267-994-9600,LOAN-0035,Education,60851,175859.37,27,700%,TRX-LOAN-0035-008,21-08-2023,8,27,Bank Transfer,6513.31,52106.48,123752.89,Paid,CUST-0035_Aksel_Traice.pdf,8
Aksel Traice,0 Delaware Alley,Levittown,Pennsylvania,19058,atraicey@skype.com,267-994-9600,LOAN-0035,Education,60851,175859.37,27,700%,TRX-LOAN-0035-009,20-09-2023,9,27,Virtual Account,6513.31,58619.79,117239.58,Paid,CUST-0035_Aksel_Traice.pdf,9
Aksel Traice,0 Delaware Alley,Levittown,Pennsylvania,19058,atraicey@skype.com,267-994-9600,LOAN-0035,Education,60851,175859.37,27,700%,TRX-LOAN-0035-010,18-10-2023,10,27,Bank Transfer,6513.31,65133.1,110726.27,Paid,CUST-0035_Aksel_Traice.pdf,10
Aksel Traice,0 Delaware Alley,Levittown,Pennsylvania,19058,atraicey@skype.com,267-994-9600,LOAN-0035,Education,60851,175859.37,27,700%,TRX-LOAN-0035-011,18-11-2023,11,27,Auto Debit,6513.31,71646.41,104212.96,Paid,CUST-0035_Aksel_Traice.pdf,11
Aksel Traice,0 Delaware Alley,Levittown,Pennsylvania,19058,atraicey@skype.com,267-994-9600,LOAN-0035,Education,60851,175859.37,27,700%,TRX-LOAN-0035-012,19-12-2023,12,27,Auto Debit,6513.31,78159.72,97699.65,Paid,CUST-0035_Aksel_Traice.pdf,12
Aksel Traice,0 Delaware Alley,Levittown,Pennsylvania,19058,atraicey@skype.com,267-994-9600,LOAN-0035,Education,60851,175859.37,27,700%,TRX-LOAN-0035-013,18-01-2024,13,27,Virtual Account,6513.31,84673.03,91186.34,Paid,CUST-0035_Aksel_Traice.pdf,13
Aksel Traice,0 Delaware Alley,Levittown,Pennsylvania,19058,atraicey@skype.com,267-994-9600,LOAN-0035,Education,60851,175859.37,27,700%,TRX-LOAN-0035-014,17-02-2024,14,27,Bank Transfer,6513.31,91186.34,84673.03,Paid,CUST-0035_Aksel_Traice.pdf,14
Aksel Traice,0 Delaware Alley,Levittown,Pennsylvania,19058,atraicey@skype.com,267-994-9600,LOAN-0035,Education,60851,175859.37,27,700%,TRX-LOAN-0035-015,23-03-2024,15,27,Auto Debit,6513.31,97699.65,78159.72,Late,CUST-0035_Aksel_Traice.pdf,15
Aksel Traice,0 Delaware Alley,Levittown,Pennsylvania,19058,atraicey@skype.com,267-994-9600,LOAN-0035,Education,60851,175859.37,27,700%,TRX-LOAN-0035-016,18-04-2024,16,27,Auto Debit,6513.31,104212.96,71646.41,Paid,CUST-0035_Aksel_Traice.pdf,16
Aksel Traice,0 Delaware Alley,Levittown,Pennsylvania,19058,atraicey@skype.com,267-994-9600,LOAN-0035,Education,60851,175859.37,27,700%,TRX-LOAN-0035-017,19-05-2024,17,27,Auto Debit,6513.31,110726.27,65133.1,Paid,CUST-0035_Aksel_Traice.pdf,17
Aksel Traice,0 Delaware Alley,Levittown,Pennsylvania,19058,atraicey@skype.com,267-994-9600,LOAN-0035,Education,60851,175859.37,27,700%,TRX-LOAN-0035-018,17-06-2024,18,27,Virtual Account,6513.31,117239.58,58619.79,Paid,CUST-0035_Aksel_Traice.pdf,18
Aksel Traice,0 Delaware Alley,Levittown,Pennsylvania,19058,atraicey@skype.com,267-994-9600,LOAN-0035,Education,60851,175859.37,27,700%,TRX-LOAN-0035-019,18-07-2024,19,27,Auto Debit,6513.31,123752.89,52106.48,Paid,CUST-0035_Aksel_Traice.pdf,19
Aksel Traice,0 Delaware Alley,Levittown,Pennsylvania,19058,atraicey@skype.com,267-994-9600,LOAN-0035,Education,60851,175859.37,27,700%,TRX-LOAN-0035-020,26-08-2024,20,27,Bank Transfer,6513.31,130266.2,45593.17,Late,CUST-0035_Aksel_Traice.pdf,20
Aksel Traice,0 Delaware Alley,Levittown,Pennsylvania,19058,atraicey@skype.com,267-994-9600,LOAN-0035,Education,60851,175859.37,27,700%,TRX-LOAN-0035-021,17-09-2024,21,27,Auto Debit,6513.31,136779.51,39079.86,Paid,CUST-0035_Aksel_Traice.pdf,21
Aksel Traice,0 Delaware Alley,Levittown,Pennsylvania,19058,atraicey@skype.com,267-994-9600,LOAN-0035,Education,60851,175859.37,27,700%,TRX-LOAN-0035-022,23-10-2024,22,27,Auto Debit,6513.31,143292.82,32566.55,Late,CUST-0035_Aksel_Traice.pdf,22
Aksel Traice,0 Delaware Alley,Levittown,Pennsylvania,19058,atraicey@skype.com,267-994-9600,LOAN-0035,Education,60851,175859.37,27,700%,TRX-LOAN-0035-023,20-11-2024,23,27,Virtual Account,6513.31,149806.13,26053.24,Paid,CUST-0035_Aksel_Traice.pdf,23
Aksel Traice,0 Delaware Alley,Levittown,Pennsylvania,19058,atraicey@skype.com,267-994-9600,LOAN-0035,Education,60851,175859.37,27,700%,TRX-LOAN-0035-024,17-12-2024,24,27,Bank Transfer,6513.31,156319.44,19539.93,Paid,CUST-0035_Aksel_Traice.pdf,24
Aksel Traice,0 Delaware Alley,Levittown,Pennsylvania,19058,atraicey@skype.com,267-994-9600,LOAN-0035,Education,60851,175859.37,27,700%,TRX-LOAN-0035-025,18-01-2025,25,27,Bank Transfer,6513.31,162832.75,13026.62,Paid,CUST-0035_Aksel_Traice.pdf,25
Aksel Traice,0 Delaware Alley,Levittown,Pennsylvania,19058,atraicey@skype.com,267-994-9600,LOAN-0035,Education,60851,175859.37,27,700%,TRX-LOAN-0035-026,18-02-2025,26,27,Bank Transfer,6513.31,169346.06,6513.31,Paid,CUST-0035_Aksel_Traice.pdf,26
Aksel Traice,0 Delaware Alley,Levittown,Pennsylvania,19058,atraicey@skype.com,267-994-9600,LOAN-0035,Education,60851,175859.37,27,700%,TRX-LOAN-0035-027,24-03-2025,27,27,Virtual Account,6513.31,175859.37,0,Late,CUST-0035_Aksel_Traice.pdf,27
Hedvige Littrik,11 Miller Parkway,Berkeley,California,94705,hlittrik10@unblog.fr,510-936-7003,LOAN-0037,Education,55348,79701.16,22,200%,TRX-LOAN-0037-001,11-03-2022,1,22,Bank Transfer,3622.78,3622.78,76078.38,Paid,CUST-0037_Hedvige_Littrik.pdf,1
Hedvige Littrik,11 Miller Parkway,Berkeley,California,94705,hlittrik10@unblog.fr,510-936-7003,LOAN-0037,Education,55348,79701.16,22,200%,TRX-LOAN-0037-002,28-04-2022,2,22,Virtual Account,3622.78,7245.56,72455.6,Late,CUST-0037_Hedvige_Littrik.pdf,2
Hedvige Littrik,11 Miller Parkway,Berkeley,California,94705,hlittrik10@unblog.fr,510-936-7003,LOAN-0037,Education,55348,79701.16,22,200%,TRX-LOAN-0037-003,12-05-2022,3,22,Auto Debit,3622.78,10868.34,68832.82,Paid,CUST-0037_Hedvige_Littrik.pdf,3
Hedvige Littrik,11 Miller Parkway,Berkeley,California,94705,hlittrik10@unblog.fr,510-936-7003,LOAN-0037,Education,55348,79701.16,22,200%,TRX-LOAN-0037-004,12-06-2022,4,22,Virtual Account,3622.78,14491.12,65210.04,Paid,CUST-0037_Hedvige_Littrik.pdf,4
Hedvige Littrik,11 Miller Parkway,Berkeley,California,94705,hlittrik10@unblog.fr,510-936-7003,LOAN-0037,Education,55348,79701.16,22,200%,TRX-LOAN-0037-005,13-07-2022,5,22,Auto Debit,3622.78,18113.9,61587.26,Paid,CUST-0037_Hedvige_Littrik.pdf,5
Hedvige Littrik,11 Miller Parkway,Berkeley,California,94705,hlittrik10@unblog.fr,510-936-7003,LOAN-0037,Education,55348,79701.16,22,200%,TRX-LOAN-0037-006,15-08-2022,6,22,Virtual Account,3622.78,21736.68,57964.48,Paid,CUST-0037_Hedvige_Littrik.pdf,6
Hedvige Littrik,11 Miller Parkway,Berkeley,California,94705,hlittrik10@unblog.fr,510-936-7003,LOAN-0037,Education,55348,79701.16,22,200%,TRX-LOAN-0037-007,14-09-2022,7,22,Virtual Account,3622.78,25359.46,54341.7,Paid,CUST-0037_Hedvige_Littrik.pdf,7
Hedvige Littrik,11 Miller Parkway,Berkeley,California,94705,hlittrik10@unblog.fr,510-936-7003,LOAN-0037,Education,55348,79701.16,22,200%,TRX-LOAN-0037-008,11-10-2022,8,22,Virtual Account,3622.78,28982.24,50718.92,Paid,CUST-0037_Hedvige_Littrik.pdf,8
Hedvige Littrik,11 Miller Parkway,Berkeley,California,94705,hlittrik10@unblog.fr,510-936-7003,LOAN-0037,Education,55348,79701.16,22,200%,TRX-LOAN-0037-009,15-11-2022,9,22,Virtual Account,3622.78,32605.02,47096.14,Paid,CUST-0037_Hedvige_Littrik.pdf,9
Hedvige Littrik,11 Miller Parkway,Berkeley,California,94705,hlittrik10@unblog.fr,510-936-7003,LOAN-0037,Education,55348,79701.16,22,200%,TRX-LOAN-0037-010,12-12-2022,10,22,Bank Transfer,3622.78,36227.8,43473.36,Paid,CUST-0037_Hedvige_Littrik.pdf,10
Hedvige Littrik,11 Miller Parkway,Berkeley,California,94705,hlittrik10@unblog.fr,510-936-7003,LOAN-0037,Education,55348,79701.16,22,200%,TRX-LOAN-0037-011,30-01-2023,11,22,Auto Debit,3622.78,39850.58,39850.58,Late,CUST-0037_Hedvige_Littrik.pdf,11
Hedvige Littrik,11 Miller Parkway,Berkeley,California,94705,hlittrik10@unblog.fr,510-936-7003,LOAN-0037,Education,55348,79701.16,22,200%,TRX-LOAN-0037-012,13-02-2023,12,22,Auto Debit,3622.78,43473.36,36227.8,Paid,CUST-0037_Hedvige_Littrik.pdf,12
Hedvige Littrik,11 Miller Parkway,Berkeley,California,94705,hlittrik10@unblog.fr,510-936-7003,LOAN-0037,Education,55348,79701.16,22,200%,TRX-LOAN-0037-013,12-03-2023,13,22,Auto Debit,3622.78,47096.14,32605.02,Paid,CUST-0037_Hedvige_Littrik.pdf,13
Hedvige Littrik,11 Miller Parkway,Berkeley,California,94705,hlittrik10@unblog.fr,510-936-7003,LOAN-0037,Education,55348,79701.16,22,200%,TRX-LOAN-0037-014,15-04-2023,14,22,Auto Debit,3622.78,50718.92,28982.24,Paid,CUST-0037_Hedvige_Littrik.pdf,14
Hedvige Littrik,11 Miller Parkway,Berkeley,California,94705,hlittrik10@unblog.fr,510-936-7003,LOAN-0037,Education,55348,79701.16,22,200%,TRX-LOAN-0037-015,12-05-2023,15,22,Virtual Account,3622.78,54341.7,25359.46,Paid,CUST-0037_Hedvige_Littrik.pdf,15
Hedvige Littrik,11 Miller Parkway,Berkeley,California,94705,hlittrik10@unblog.fr,510-936-7003,LOAN-0037,Education,55348,79701.16,22,200%,TRX-LOAN-0037-016,13-06-2023,16,22,Virtual Account,3622.78,57964.48,21736.68,Paid,CUST-0037_Hedvige_Littrik.pdf,16
Hedvige Littrik,11 Miller Parkway,Berkeley,California,94705,hlittrik10@unblog.fr,510-936-7003,LOAN-0037,Education,55348,79701.16,22,200%,TRX-LOAN-0037-017,13-07-2023,17,22,Virtual Account,3622.78,61587.26,18113.9,Paid,CUST-0037_Hedvige_Littrik.pdf,17
Hedvige Littrik,11 Miller Parkway,Berkeley,California,94705,hlittrik10@unblog.fr,510-936-7003,LOAN-0037,Education,55348,79701.16,22,200%,TRX-LOAN-0037-018,15-08-2023,18,22,Bank Transfer,3622.78,65210.04,14491.12,Paid,CUST-0037_Hedvige_Littrik.pdf,18
Hedvige Littrik,11 Miller Parkway,Berkeley,California,94705,hlittrik10@unblog.fr,510-936-7003,LOAN-0037,Education,55348,79701.16,22,200%,TRX-LOAN-0037-019,12-09-2023,19,22,Bank Transfer,3622.78,68832.82,10868.34,Paid,CUST-0037_Hedvige_Littrik.pdf,19
Hedvige Littrik,11 Miller Parkway,Berkeley,California,94705,hlittrik10@unblog.fr,510-936-7003,LOAN-0037,Education,55348,79701.16,22,200%,TRX-LOAN-0037-020,13-10-2023,20,22,Virtual Account,3622.78,72455.6,7245.56,Paid,CUST-0037_Hedvige_Littrik.pdf,20
Hedvige Littrik,11 Miller Parkway,Berkeley,California,94705,hlittrik10@unblog.fr,510-936-7003,LOAN-0037,Education,55348,79701.16,22,200%,TRX-LOAN-0037-021,12-11-2023,21,22,Auto Debit,3622.78,76078.38,3622.78,Paid,CUST-0037_Hedvige_Littrik.pdf,21
Hedvige Littrik,11 Miller Parkway,Berkeley,California,94705,hlittrik10@unblog.fr,510-936-7003,LOAN-0037,Education,55348,79701.16,22,200%,TRX-LOAN-0037-022,12-12-2023,22,22,Auto Debit,3622.78,79701.16,0,Paid,CUST-0037_Hedvige_Littrik.pdf,22
Lucian Van Son,3 Corscot Park,East Saint Louis,Illinois,62205,lvanson14@clickbank.net,618-223-5683,LOAN-0041,Home improvement,95914,402838.8,40,800%,TRX-LOAN-0041-001,18-10-2022,1,40,Virtual Account,10070.97,10070.97,392767.83,Paid,CUST-0041_Lucian_Van_Son.pdf,1
Lucian Van Son,3 Corscot Park,East Saint Louis,Illinois,62205,lvanson14@clickbank.net,618-223-5683,LOAN-0041,Home improvement,95914,402838.8,40,800%,TRX-LOAN-0041-002,20-11-2022,2,40,Virtual Account,10070.97,20141.94,382696.86,Paid,CUST-0041_Lucian_Van_Son.pdf,2
Lucian Van Son,3 Corscot Park,East Saint Louis,Illinois,62205,lvanson14@clickbank.net,618-223-5683,LOAN-0041,Home improvement,95914,402838.8,40,800%,TRX-LOAN-0041-003,19-12-2022,3,40,Bank Transfer,10070.97,30212.91,372625.89,Paid,CUST-0041_Lucian_Van_Son.pdf,3
Lucian Van Son,3 Corscot Park,East Saint Louis,Illinois,62205,lvanson14@clickbank.net,618-223-5683,LOAN-0041,Home improvement,95914,402838.8,40,800%,TRX-LOAN-0041-004,20-01-2023,4,40,Bank Transfer,10070.97,40283.88,362554.92,Paid,CUST-0041_Lucian_Van_Son.pdf,4
Lucian Van Son,3 Corscot Park,East Saint Louis,Illinois,62205,lvanson14@clickbank.net,618-223-5683,LOAN-0041,Home improvement,95914,402838.8,40,800%,TRX-LOAN-0041-005,21-02-2023,5,40,Virtual Account,10070.97,50354.85,352483.95,Paid,CUST-0041_Lucian_Van_Son.pdf,5
Lucian Van Son,3 Corscot Park,East Saint Louis,Illinois,62205,lvanson14@clickbank.net,618-223-5683,LOAN-0041,Home improvement,95914,402838.8,40,800%,TRX-LOAN-0041-006,20-03-2023,6,40,Bank Transfer,10070.97,60425.82,342412.98,Paid,CUST-0041_Lucian_Van_Son.pdf,6
Lucian Van Son,3 Corscot Park,East Saint Louis,Illinois,62205,lvanson14@clickbank.net,618-223-5683,LOAN-0041,Home improvement,95914,402838.8,40,800%,TRX-LOAN-0041-007,22-04-2023,7,40,Auto Debit,10070.97,70496.79,332342.01,Paid,CUST-0041_Lucian_Van_Son.pdf,7
Lucian Van Son,3 Corscot Park,East Saint Louis,Illinois,62205,lvanson14@clickbank.net,618-223-5683,LOAN-0041,Home improvement,95914,402838.8,40,800%,TRX-LOAN-0041-008,22-05-2023,8,40,Virtual Account,10070.97,80567.76,322271.04,Paid,CUST-0041_Lucian_Van_Son.pdf,8
Lucian Van Son,3 Corscot Park,East Saint Louis,Illinois,62205,lvanson14@clickbank.net,618-223-5683,LOAN-0041,Home improvement,95914,402838.8,40,800%,TRX-LOAN-0041-009,20-06-2023,9,40,Auto Debit,10070.97,90638.73,312200.07,Paid,CUST-0041_Lucian_Van_Son.pdf,9
Lucian Van Son,3 Corscot Park,East Saint Louis,Illinois,62205,lvanson14@clickbank.net,618-223-5683,LOAN-0041,Home improvement,95914,402838.8,40,800%,TRX-LOAN-0041-010,21-07-2023,10,40,Auto Debit,10070.97,100709.7,302129.1,Paid,CUST-0041_Lucian_Van_Son.pdf,10
Lucian Van Son,3 Corscot Park,East Saint Louis,Illinois,62205,lvanson14@clickbank.net,618-223-5683,LOAN-0041,Home improvement,95914,402838.8,40,800%,TRX-LOAN-0041-011,19-08-2023,11,40,Auto Debit,10070.97,110780.67,292058.13,Paid,CUST-0041_Lucian_Van_Son.pdf,11
Lucian Van Son,3 Corscot Park,East Saint Louis,Illinois,62205,lvanson14@clickbank.net,618-223-5683,LOAN-0041,Home improvement,95914,402838.8,40,800%,TRX-LOAN-0041-012,19-09-2023,12,40,Bank Transfer,10070.97,120851.64,281987.16,Paid,CUST-0041_Lucian_Van_Son.pdf,12
Lucian Van Son,3 Corscot Park,East Saint Louis,Illinois,62205,lvanson14@clickbank.net,618-223-5683,LOAN-0041,Home improvement,95914,402838.8,40,800%,TRX-LOAN-0041-013,19-10-2023,13,40,Auto Debit,10070.97,130922.61,271916.19,Paid,CUST-0041_Lucian_Van_Son.pdf,13
Lucian Van Son,3 Corscot Park,East Saint Louis,Illinois,62205,lvanson14@clickbank.net,618-223-5683,LOAN-0041,Home improvement,95914,402838.8,40,800%,TRX-LOAN-0041-014,22-11-2023,14,40,Auto Debit,10070.97,140993.58,261845.22,Paid,CUST-0041_Lucian_Van_Son.pdf,14
Lucian Van Son,3 Corscot Park,East Saint Louis,Illinois,62205,lvanson14@clickbank.net,618-223-5683,LOAN-0041,Home improvement,95914,402838.8,40,800%,TRX-LOAN-0041-015,22-12-2023,15,40,Auto Debit,10070.97,151064.55,251774.25,Paid,CUST-0041_Lucian_Van_Son.pdf,15
Lucian Van Son,3 Corscot Park,East Saint Louis,Illinois,62205,lvanson14@clickbank.net,618-223-5683,LOAN-0041,Home improvement,95914,402838.8,40,800%,TRX-LOAN-0041-016,22-01-2024,16,40,Auto Debit,10070.97,161135.52,241703.28,Paid,CUST-0041_Lucian_Van_Son.pdf,16
Lucian Van Son,3 Corscot Park,East Saint Louis,Illinois,62205,lvanson14@clickbank.net,618-223-5683,LOAN-0041,Home improvement,95914,402838.8,40,800%,TRX-LOAN-0041-017,22-02-2024,17,40,Bank Transfer,10070.97,171206.49,231632.31,Paid,CUST-0041_Lucian_Van_Son.pdf,17
Lucian Van Son,3 Corscot Park,East Saint Louis,Illinois,62205,lvanson14@clickbank.net,618-223-5683,LOAN-0041,Home improvement,95914,402838.8,40,800%,TRX-LOAN-0041-018,20-03-2024,18,40,Virtual Account,10070.97,181277.46,221561.34,Paid,CUST-0041_Lucian_Van_Son.pdf,18
Lucian Van Son,3 Corscot Park,East Saint Louis,Illinois,62205,lvanson14@clickbank.net,618-223-5683,LOAN-0041,Home improvement,95914,402838.8,40,800%,TRX-LOAN-0041-019,18-04-2024,19,40,Bank Transfer,10070.97,191348.43,211490.37,Paid,CUST-0041_Lucian_Van_Son.pdf,19
Lucian Van Son,3 Corscot Park,East Saint Louis,Illinois,62205,lvanson14@clickbank.net,618-223-5683,LOAN-0041,Home improvement,95914,402838.8,40,800%,TRX-LOAN-0041-020,22-05-2024,20,40,Auto Debit,10070.97,201419.4,201419.4,Paid,CUST-0041_Lucian_Van_Son.pdf,20
Lucian Van Son,3 Corscot Park,East Saint Louis,Illinois,62205,lvanson14@clickbank.net,618-223-5683,LOAN-0041,Home improvement,95914,402838.8,40,800%,TRX-LOAN-0041-021,21-06-2024,21,40,Virtual Account,10070.97,211490.37,191348.43,Paid,CUST-0041_Lucian_Van_Son.pdf,21
Lucian Van Son,3 Corscot Park,East Saint Louis,Illinois,62205,lvanson14@clickbank.net,618-223-5683,LOAN-0041,Home improvement,95914,402838.8,40,800%,TRX-LOAN-0041-022,18-07-2024,22,40,Virtual Account,10070.97,221561.34,181277.46,Paid,CUST-0041_Lucian_Van_Son.pdf,22
Lucian Van Son,3 Corscot Park,East Saint Louis,Illinois,62205,lvanson14@clickbank.net,618-223-5683,LOAN-0041,Home improvement,95914,402838.8,40,800%,TRX-LOAN-0041-023,05-09-2024,23,40,Auto Debit,10070.97,231632.31,171206.49,Late,CUST-0041_Lucian_Van_Son.pdf,23
Lucian Van Son,3 Corscot Park,East Saint Louis,Illinois,62205,lvanson14@clickbank.net,618-223-5683,LOAN-0041,Home improvement,95914,402838.8,40,800%,TRX-LOAN-0041-024,18-09-2024,24,40,Auto Debit,10070.97,241703.28,161135.52,Paid,CUST-0041_Lucian_Van_Son.pdf,24
Lucian Van Son,3 Corscot Park,East Saint Louis,Illinois,62205,lvanson14@clickbank.net,618-223-5683,LOAN-0041,Home improvement,95914,402838.8,40,800%,TRX-LOAN-0041-025,19-10-2024,25,40,Virtual Account,10070.97,251774.25,151064.55,Paid,CUST-0041_Lucian_Van_Son.pdf,25
Lucian Van Son,3 Corscot Park,East Saint Louis,Illinois,62205,lvanson14@clickbank.net,618-223-5683,LOAN-0041,Home improvement,95914,402838.8,40,800%,TRX-LOAN-0041-026,21-11-2024,26,40,Bank Transfer,10070.97,261845.22,140993.58,Paid,CUST-0041_Lucian_Van_Son.pdf,26
Lucian Van Son,3 Corscot Park,East Saint Louis,Illinois,62205,lvanson14@clickbank.net,618-223-5683,LOAN-0041,Home improvement,95914,402838.8,40,800%,TRX-LOAN-0041-027,21-12-2024,27,40,Bank Transfer,10070.97,271916.19,130922.61,Paid,CUST-0041_Lucian_Van_Son.pdf,27
Lucian Van Son,3 Corscot Park,East Saint Louis,Illinois,62205,lvanson14@clickbank.net,618-223-5683,LOAN-0041,Home improvement,95914,402838.8,40,800%,TRX-LOAN-0041-028,18-01-2025,28,40,Virtual Account,10070.97,281987.16,120851.64,Paid,CUST-0041_Lucian_Van_Son.pdf,28
Lucian Van Son,3 Corscot Park,East Saint Louis,Illinois,62205,lvanson14@clickbank.net,618-223-5683,LOAN-0041,Home improvement,95914,402838.8,40,800%,TRX-LOAN-0041-029,18-02-2025,29,40,Auto Debit,10070.97,292058.13,110780.67,Paid,CUST-0041_Lucian_Van_Son.pdf,29
Lucian Van Son,3 Corscot Park,East Saint Louis,Illinois,62205,lvanson14@clickbank.net,618-223-5683,LOAN-0041,Home improvement,95914,402838.8,40,800%,TRX-LOAN-0041-030,19-03-2025,30,40,Virtual Account,10070.97,302129.1,100709.7,Paid,CUST-0041_Lucian_Van_Son.pdf,30
Lucian Van Son,3 Corscot Park,East Saint Louis,Illinois,62205,lvanson14@clickbank.net,618-223-5683,LOAN-0041,Home improvement,95914,402838.8,40,800%,TRX-LOAN-0041-031,21-04-2025,31,40,Virtual Account,10070.97,312200.07,90638.73,Paid,CUST-0041_Lucian_Van_Son.pdf,31
Lucian Van Son,3 Corscot Park,East Saint Louis,Illinois,62205,lvanson14@clickbank.net,618-223-5683,LOAN-0041,Home improvement,95914,402838.8,40,800%,TRX-LOAN-0041-032,21-05-2025,32,40,Virtual Account,10070.97,322271.04,80567.76,Paid,CUST-0041_Lucian_Van_Son.pdf,32
Lucian Van Son,3 Corscot Park,East Saint Louis,Illinois,62205,lvanson14@clickbank.net,618-223-5683,LOAN-0041,Home improvement,95914,402838.8,40,800%,TRX-LOAN-0041-033,21-06-2025,33,40,Virtual Account,10070.97,332342.01,70496.79,Paid,CUST-0041_Lucian_Van_Son.pdf,33
Lucian Van Son,3 Corscot Park,East Saint Louis,Illinois,62205,lvanson14@clickbank.net,618-223-5683,LOAN-0041,Home improvement,95914,402838.8,40,800%,TRX-LOAN-0041-034,21-07-2025,34,40,Bank Transfer,10070.97,342412.98,60425.82,Paid,CUST-0041_Lucian_Van_Son.pdf,34
Lucian Van Son,3 Corscot Park,East Saint Louis,Illinois,62205,lvanson14@clickbank.net,618-223-5683,LOAN-0041,Home improvement,95914,402838.8,40,800%,TRX-LOAN-0041-035,18-08-2025,35,40,Bank Transfer,10070.97,352483.95,50354.85,Paid,CUST-0041_Lucian_Van_Son.pdf,35
Lucian Van Son,3 Corscot Park,East Saint Louis,Illinois,62205,lvanson14@clickbank.net,618-223-5683,LOAN-0041,Home improvement,95914,402838.8,40,800%,TRX-LOAN-0041-036,20-09-2025,36,40,Virtual Account,10070.97,362554.92,40283.88,Paid,CUST-0041_Lucian_Van_Son.pdf,36
Lucian Van Son,3 Corscot Park,East Saint Louis,Illinois,62205,lvanson14@clickbank.net,618-223-5683,LOAN-0041,Home improvement,95914,402838.8,40,800%,TRX-LOAN-0041-037,19-10-2025,37,40,Bank Transfer,10070.97,372625.89,30212.91,Paid,CUST-0041_Lucian_Van_Son.pdf,37
Lucian Van Son,3 Corscot Park,East Saint Louis,Illinois,62205,lvanson14@clickbank.net,618-223-5683,LOAN-0041,Home improvement,95914,402838.8,40,800%,TRX-LOAN-0041-038,29-11-2025,38,40,Bank Transfer,10070.97,382696.86,20141.94,Late,CUST-0041_Lucian_Van_Son.pdf,38
Lucian Van Son,3 Corscot Park,East Saint Louis,Illinois,62205,lvanson14@clickbank.net,618-223-5683,LOAN-0041,Home improvement,95914,402838.8,40,800%,TRX-LOAN-0041-039,02-01-2026,39,40,Virtual Account,10070.97,392767.83,10070.97,Late,CUST-0041_Lucian_Van_Son.pdf,39
Lucian Van Son,3 Corscot Park,East Saint Louis,Illinois,62205,lvanson14@clickbank.net,618-223-5683,LOAN-0041,Home improvement,95914,402838.8,40,800%,TRX-LOAN-0041-040,18-01-2026,40,40,Virtual Account,10070.97,402838.8,0,Paid,CUST-0041_Lucian_Van_Son.pdf,40
Meggi Fehner,270 Eagle Crest Parkway,Shawnee Mission,Kansas,66276,mfehner15@reverbnation.com,913-896-8303,LOAN-0042,Home improvement,70703,261601.2,45,600%,TRX-LOAN-0042-001,30-01-2023,1,45,Bank Transfer,5813.36,5813.36,255787.84,Paid,CUST-0042_Meggi_Fehner.pdf,1
Meggi Fehner,270 Eagle Crest Parkway,Shawnee Mission,Kansas,66276,mfehner15@reverbnation.com,913-896-8303,LOAN-0042,Home improvement,70703,261601.2,45,600%,TRX-LOAN-0042-002,28-02-2023,2,45,Auto Debit,5813.36,11626.72,249974.48,Paid,CUST-0042_Meggi_Fehner.pdf,2
Meggi Fehner,270 Eagle Crest Parkway,Shawnee Mission,Kansas,66276,mfehner15@reverbnation.com,913-896-8303,LOAN-0042,Home improvement,70703,261601.2,45,600%,TRX-LOAN-0042-003,31-03-2023,3,45,Virtual Account,5813.36,17440.08,244161.12,Paid,CUST-0042_Meggi_Fehner.pdf,3
Meggi Fehner,270 Eagle Crest Parkway,Shawnee Mission,Kansas,66276,mfehner15@reverbnation.com,913-896-8303,LOAN-0042,Home improvement,70703,261601.2,45,600%,TRX-LOAN-0042-004,30-04-2023,4,45,Virtual Account,5813.36,23253.44,238347.76,Paid,CUST-0042_Meggi_Fehner.pdf,4
Meggi Fehner,270 Eagle Crest Parkway,Shawnee Mission,Kansas,66276,mfehner15@reverbnation.com,913-896-8303,LOAN-0042,Home improvement,70703,261601.2,45,600%,TRX-LOAN-0042-005,06-06-2023,5,45,Bank Transfer,5813.36,29066.8,232534.4,Late,CUST-0042_Meggi_Fehner.pdf,5
Meggi Fehner,270 Eagle Crest Parkway,Shawnee Mission,Kansas,66276,mfehner15@reverbnation.com,913-896-8303,LOAN-0042,Home improvement,70703,261601.2,45,600%,TRX-LOAN-0042-006,01-07-2023,6,45,Auto Debit,5813.36,34880.16,226721.04,Paid,CUST-0042_Meggi_Fehner.pdf,6
Meggi Fehner,270 Eagle Crest Parkway,Shawnee Mission,Kansas,66276,mfehner15@reverbnation.com,913-896-8303,LOAN-0042,Home improvement,70703,261601.2,45,600%,TRX-LOAN-0042-007,30-07-2023,7,45,Bank Transfer,5813.36,40693.52,220907.68,Paid,CUST-0042_Meggi_Fehner.pdf,7
Meggi Fehner,270 Eagle Crest Parkway,Shawnee Mission,Kansas,66276,mfehner15@reverbnation.com,913-896-8303,LOAN-0042,Home improvement,70703,261601.2,45,600%,TRX-LOAN-0042-008,29-08-2023,8,45,Auto Debit,5813.36,46506.88,215094.32,Paid,CUST-0042_Meggi_Fehner.pdf,8
Meggi Fehner,270 Eagle Crest Parkway,Shawnee Mission,Kansas,66276,mfehner15@reverbnation.com,913-896-8303,LOAN-0042,Home improvement,70703,261601.2,45,600%,TRX-LOAN-0042-009,28-09-2023,9,45,Auto Debit,5813.36,52320.24,209280.96,Paid,CUST-0042_Meggi_Fehner.pdf,9
Meggi Fehner,270 Eagle Crest Parkway,Shawnee Mission,Kansas,66276,mfehner15@reverbnation.com,913-896-8303,LOAN-0042,Home improvement,70703,261601.2,45,600%,TRX-LOAN-0042-010,28-10-2023,10,45,Auto Debit,5813.36,58133.6,203467.6,Paid,CUST-0042_Meggi_Fehner.pdf,10
Meggi Fehner,270 Eagle Crest Parkway,Shawnee Mission,Kansas,66276,mfehner15@reverbnation.com,913-896-8303,LOAN-0042,Home improvement,70703,261601.2,45,600%,TRX-LOAN-0042-011,08-12-2023,11,45,Virtual Account,5813.36,63946.96,197654.24,Late,CUST-0042_Meggi_Fehner.pdf,11
Meggi Fehner,270 Eagle Crest Parkway,Shawnee Mission,Kansas,66276,mfehner15@reverbnation.com,913-896-8303,LOAN-0042,Home improvement,70703,261601.2,45,600%,TRX-LOAN-0042-012,31-12-2023,12,45,Bank Transfer,5813.36,69760.32,191840.88,Paid,CUST-0042_Meggi_Fehner.pdf,12
Meggi Fehner,270 Eagle Crest Parkway,Shawnee Mission,Kansas,66276,mfehner15@reverbnation.com,913-896-8303,LOAN-0042,Home improvement,70703,261601.2,45,600%,TRX-LOAN-0042-013,10-02-2024,13,45,Virtual Account,5813.36,75573.68,186027.52,Late,CUST-0042_Meggi_Fehner.pdf,13
Meggi Fehner,270 Eagle Crest Parkway,Shawnee Mission,Kansas,66276,mfehner15@reverbnation.com,913-896-8303,LOAN-0042,Home improvement,70703,261601.2,45,600%,TRX-LOAN-0042-014,29-02-2024,14,45,Auto Debit,5813.36,81387.04,180214.16,Paid,CUST-0042_Meggi_Fehner.pdf,14
Meggi Fehner,270 Eagle Crest Parkway,Shawnee Mission,Kansas,66276,mfehner15@reverbnation.com,913-896-8303,LOAN-0042,Home improvement,70703,261601.2,45,600%,TRX-LOAN-0042-015,28-03-2024,15,45,Bank Transfer,5813.36,87200.4,174400.8,Paid,CUST-0042_Meggi_Fehner.pdf,15
Meggi Fehner,270 Eagle Crest Parkway,Shawnee Mission,Kansas,66276,mfehner15@reverbnation.com,913-896-8303,LOAN-0042,Home improvement,70703,261601.2,45,600%,TRX-LOAN-0042-016,29-04-2024,16,45,Auto Debit,5813.36,93013.76,168587.44,Paid,CUST-0042_Meggi_Fehner.pdf,16
Meggi Fehner,270 Eagle Crest Parkway,Shawnee Mission,Kansas,66276,mfehner15@reverbnation.com,913-896-8303,LOAN-0042,Home improvement,70703,261601.2,45,600%,TRX-LOAN-0042-017,28-05-2024,17,45,Auto Debit,5813.36,98827.12,162774.08,Paid,CUST-0042_Meggi_Fehner.pdf,17
Meggi Fehner,270 Eagle Crest Parkway,Shawnee Mission,Kansas,66276,mfehner15@reverbnation.com,913-896-8303,LOAN-0042,Home improvement,70703,261601.2,45,600%,TRX-LOAN-0042-018,29-06-2024,18,45,Virtual Account,5813.36,104640.48,156960.72,Paid,CUST-0042_Meggi_Fehner.pdf,18
Meggi Fehner,270 Eagle Crest Parkway,Shawnee Mission,Kansas,66276,mfehner15@reverbnation.com,913-896-8303,LOAN-0042,Home improvement,70703,261601.2,45,600%,TRX-LOAN-0042-019,29-07-2024,19,45,Auto Debit,5813.36,110453.84,151147.36,Paid,CUST-0042_Meggi_Fehner.pdf,19
Meggi Fehner,270 Eagle Crest Parkway,Shawnee Mission,Kansas,66276,mfehner15@reverbnation.com,913-896-8303,LOAN-0042,Home improvement,70703,261601.2,45,600%,TRX-LOAN-0042-020,28-08-2024,20,45,Auto Debit,5813.36,116267.2,145334,Paid,CUST-0042_Meggi_Fehner.pdf,20
Meggi Fehner,270 Eagle Crest Parkway,Shawnee Mission,Kansas,66276,mfehner15@reverbnation.com,913-896-8303,LOAN-0042,Home improvement,70703,261601.2,45,600%,TRX-LOAN-0042-021,27-09-2024,21,45,Bank Transfer,5813.36,122080.56,139520.64,Paid,CUST-0042_Meggi_Fehner.pdf,21
Meggi Fehner,270 Eagle Crest Parkway,Shawnee Mission,Kansas,66276,mfehner15@reverbnation.com,913-896-8303,LOAN-0042,Home improvement,70703,261601.2,45,600%,TRX-LOAN-0042-022,30-10-2024,22,45,Auto Debit,5813.36,127893.92,133707.28,Paid,CUST-0042_Meggi_Fehner.pdf,22
Meggi Fehner,270 Eagle Crest Parkway,Shawnee Mission,Kansas,66276,mfehner15@reverbnation.com,913-896-8303,LOAN-0042,Home improvement,70703,261601.2,45,600%,TRX-LOAN-0042-023,14-12-2024,23,45,Auto Debit,5813.36,133707.28,127893.92,Late,CUST-0042_Meggi_Fehner.pdf,23
Meggi Fehner,270 Eagle Crest Parkway,Shawnee Mission,Kansas,66276,mfehner15@reverbnation.com,913-896-8303,LOAN-0042,Home improvement,70703,261601.2,45,600%,TRX-LOAN-0042-024,31-12-2024,24,45,Virtual Account,5813.36,139520.64,122080.56,Paid,CUST-0042_Meggi_Fehner.pdf,24
Meggi Fehner,270 Eagle Crest Parkway,Shawnee Mission,Kansas,66276,mfehner15@reverbnation.com,913-896-8303,LOAN-0042,Home improvement,70703,261601.2,45,600%,TRX-LOAN-0042-025,30-01-2025,25,45,Auto Debit,5813.36,145334,116267.2,Paid,CUST-0042_Meggi_Fehner.pdf,25
Meggi Fehner,270 Eagle Crest Parkway,Shawnee Mission,Kansas,66276,mfehner15@reverbnation.com,913-896-8303,LOAN-0042,Home improvement,70703,261601.2,45,600%,TRX-LOAN-0042-026,28-02-2025,26,45,Virtual Account,5813.36,151147.36,110453.84,Paid,CUST-0042_Meggi_Fehner.pdf,26
Meggi Fehner,270 Eagle Crest Parkway,Shawnee Mission,Kansas,66276,mfehner15@reverbnation.com,913-896-8303,LOAN-0042,Home improvement,70703,261601.2,45,600%,TRX-LOAN-0042-027,28-03-2025,27,45,Auto Debit,5813.36,156960.72,104640.48,Paid,CUST-0042_Meggi_Fehner.pdf,27
Meggi Fehner,270 Eagle Crest Parkway,Shawnee Mission,Kansas,66276,mfehner15@reverbnation.com,913-896-8303,LOAN-0042,Home improvement,70703,261601.2,45,600%,TRX-LOAN-0042-028,27-04-2025,28,45,Auto Debit,5813.36,162774.08,98827.12,Paid,CUST-0042_Meggi_Fehner.pdf,28
Meggi Fehner,270 Eagle Crest Parkway,Shawnee Mission,Kansas,66276,mfehner15@reverbnation.com,913-896-8303,LOAN-0042,Home improvement,70703,261601.2,45,600%,TRX-LOAN-0042-029,27-05-2025,29,45,Auto Debit,5813.36,168587.44,93013.76,Paid,CUST-0042_Meggi_Fehner.pdf,29
Meggi Fehner,270 Eagle Crest Parkway,Shawnee Mission,Kansas,66276,mfehner15@reverbnation.com,913-896-8303,LOAN-0042,Home improvement,70703,261601.2,45,600%,TRX-LOAN-0042-030,01-07-2025,30,45,Auto Debit,5813.36,174400.8,87200.4,Paid,CUST-0042_Meggi_Fehner.pdf,30
Meggi Fehner,270 Eagle Crest Parkway,Shawnee Mission,Kansas,66276,mfehner15@reverbnation.com,913-896-8303,LOAN-0042,Home improvement,70703,261601.2,45,600%,TRX-LOAN-0042-031,27-07-2025,31,45,Auto Debit,5813.36,180214.16,81387.04,Paid,CUST-0042_Meggi_Fehner.pdf,31
Meggi Fehner,270 Eagle Crest Parkway,Shawnee Mission,Kansas,66276,mfehner15@reverbnation.com,913-896-8303,LOAN-0042,Home improvement,70703,261601.2,45,600%,TRX-LOAN-0042-032,01-09-2025,32,45,Bank Transfer,5813.36,186027.52,75573.68,Late,CUST-0042_Meggi_Fehner.pdf,32
Meggi Fehner,270 Eagle Crest Parkway,Shawnee Mission,Kansas,66276,mfehner15@reverbnation.com,913-896-8303,LOAN-0042,Home improvement,70703,261601.2,45,600%,TRX-LOAN-0042-033,28-09-2025,33,45,Virtual Account,5813.36,191840.88,69760.32,Paid,CUST-0042_Meggi_Fehner.pdf,33
Meggi Fehner,270 Eagle Crest Parkway,Shawnee Mission,Kansas,66276,mfehner15@reverbnation.com,913-896-8303,LOAN-0042,Home improvement,70703,261601.2,45,600%,TRX-LOAN-0042-034,31-10-2025,34,45,Bank Transfer,5813.36,197654.24,63946.96,Paid,CUST-0042_Meggi_Fehner.pdf,34
Meggi Fehner,270 Eagle Crest Parkway,Shawnee Mission,Kansas,66276,mfehner15@reverbnation.com,913-896-8303,LOAN-0042,Home improvement,70703,261601.2,45,600%,TRX-LOAN-0042-035,30-11-2025,35,45,Auto Debit,5813.36,203467.6,58133.6,Paid,CUST-0042_Meggi_Fehner.pdf,35
Meggi Fehner,270 Eagle Crest Parkway,Shawnee Mission,Kansas,66276,mfehner15@reverbnation.com,913-896-8303,LOAN-0042,Home improvement,70703,261601.2,45,600%,TRX-LOAN-0042-036,29-12-2025,36,45,Auto Debit,5813.36,209280.96,52320.24,Paid,CUST-0042_Meggi_Fehner.pdf,36
Meggi Fehner,270 Eagle Crest Parkway,Shawnee Mission,Kansas,66276,mfehner15@reverbnation.com,913-896-8303,LOAN-0042,Home improvement,70703,261601.2,45,600%,TRX-LOAN-0042-037,28-01-2026,37,45,Bank Transfer,5813.36,215094.32,46506.88,Paid,CUST-0042_Meggi_Fehner.pdf,37
Meggi Fehner,270 Eagle Crest Parkway,Shawnee Mission,Kansas,66276,mfehner15@reverbnation.com,913-896-8303,LOAN-0042,Home improvement,70703,261601.2,45,600%,TRX-LOAN-0042-038,28-02-2026,38,45,Auto Debit,5813.36,220907.68,40693.52,Paid,CUST-0042_Meggi_Fehner.pdf,38
Meggi Fehner,270 Eagle Crest Parkway,Shawnee Mission,Kansas,66276,mfehner15@reverbnation.com,913-896-8303,LOAN-0042,Home improvement,70703,261601.2,45,600%,TRX-LOAN-0042-039,27-03-2026,39,45,Virtual Account,5813.36,226721.04,34880.16,Paid,CUST-0042_Meggi_Fehner.pdf,39
Meggi Fehner,270 Eagle Crest Parkway,Shawnee Mission,Kansas,66276,mfehner15@reverbnation.com,913-896-8303,LOAN-0042,Home improvement,70703,261601.2,45,600%,TRX-LOAN-0042-040,27-04-2026,40,45,Bank Transfer,5813.36,232534.4,29066.8,Paid,CUST-0042_Meggi_Fehner.pdf,40
Meggi Fehner,270 Eagle Crest Parkway,Shawnee Mission,Kansas,66276,mfehner15@reverbnation.com,913-896-8303,LOAN-0042,Home improvement,70703,261601.2,45,600%,TRX-LOAN-0042-041,30-05-2026,41,45,Auto Debit,5813.36,238347.76,23253.44,Paid,CUST-0042_Meggi_Fehner.pdf,41
Meggi Fehner,270 Eagle Crest Parkway,Shawnee Mission,Kansas,66276,mfehner15@reverbnation.com,913-896-8303,LOAN-0042,Home improvement,70703,261601.2,45,600%,TRX-LOAN-0042-042,27-06-2026,42,45,Bank Transfer,5813.36,244161.12,17440.08,Paid,CUST-0042_Meggi_Fehner.pdf,42
Stanley Dawltrey,0 Packers Point,Fresno,California,93709,sdawltrey17@gravatar.com,559-537-9420,LOAN-0044,Debt consolidation,2522,4236.91,17,400%,TRX-LOAN-0044-001,07-02-2022,1,17,Virtual Account,249.23,249.23,3987.68,Paid,CUST-0044_Stanley_Dawltrey.pdf,1
Stanley Dawltrey,0 Packers Point,Fresno,California,93709,sdawltrey17@gravatar.com,559-537-9420,LOAN-0044,Debt consolidation,2522,4236.91,17,400%,TRX-LOAN-0044-002,08-03-2022,2,17,Virtual Account,249.23,498.46,3738.45,Paid,CUST-0044_Stanley_Dawltrey.pdf,2
Stanley Dawltrey,0 Packers Point,Fresno,California,93709,sdawltrey17@gravatar.com,559-537-9420,LOAN-0044,Debt consolidation,2522,4236.91,17,400%,TRX-LOAN-0044-003,07-04-2022,3,17,Virtual Account,249.23,747.69,3489.22,Paid,CUST-0044_Stanley_Dawltrey.pdf,3
Stanley Dawltrey,0 Packers Point,Fresno,California,93709,sdawltrey17@gravatar.com,559-537-9420,LOAN-0044,Debt consolidation,2522,4236.91,17,400%,TRX-LOAN-0044-004,07-05-2022,4,17,Virtual Account,249.23,996.92,3239.99,Paid,CUST-0044_Stanley_Dawltrey.pdf,4
Stanley Dawltrey,0 Packers Point,Fresno,California,93709,sdawltrey17@gravatar.com,559-537-9420,LOAN-0044,Debt consolidation,2522,4236.91,17,400%,TRX-LOAN-0044-005,15-06-2022,5,17,Bank Transfer,249.23,1246.15,2990.76,Late,CUST-0044_Stanley_Dawltrey.pdf,5
Stanley Dawltrey,0 Packers Point,Fresno,California,93709,sdawltrey17@gravatar.com,559-537-9420,LOAN-0044,Debt consolidation,2522,4236.91,17,400%,TRX-LOAN-0044-006,05-07-2022,6,17,Virtual Account,249.23,1495.38,2741.53,Paid,CUST-0044_Stanley_Dawltrey.pdf,6
Stanley Dawltrey,0 Packers Point,Fresno,California,93709,sdawltrey17@gravatar.com,559-537-9420,LOAN-0044,Debt consolidation,2522,4236.91,17,400%,TRX-LOAN-0044-007,08-08-2022,7,17,Bank Transfer,249.23,1744.61,2492.3,Paid,CUST-0044_Stanley_Dawltrey.pdf,7
Stanley Dawltrey,0 Packers Point,Fresno,California,93709,sdawltrey17@gravatar.com,559-537-9420,LOAN-0044,Debt consolidation,2522,4236.91,17,400%,TRX-LOAN-0044-008,08-09-2022,8,17,Bank Transfer,249.23,1993.84,2243.07,Paid,CUST-0044_Stanley_Dawltrey.pdf,8
Stanley Dawltrey,0 Packers Point,Fresno,California,93709,sdawltrey17@gravatar.com,559-537-9420,LOAN-0044,Debt consolidation,2522,4236.91,17,400%,TRX-LOAN-0044-009,08-10-2022,9,17,Auto Debit,249.23,2243.07,1993.84,Paid,CUST-0044_Stanley_Dawltrey.pdf,9
Stanley Dawltrey,0 Packers Point,Fresno,California,93709,sdawltrey17@gravatar.com,559-537-9420,LOAN-0044,Debt consolidation,2522,4236.91,17,400%,TRX-LOAN-0044-010,06-11-2022,10,17,Auto Debit,249.23,2492.3,1744.61,Paid,CUST-0044_Stanley_Dawltrey.pdf,10
Stanley Dawltrey,0 Packers Point,Fresno,California,93709,sdawltrey17@gravatar.com,559-537-9420,LOAN-0044,Debt consolidation,2522,4236.91,17,400%,TRX-LOAN-0044-011,05-12-2022,11,17,Virtual Account,249.23,2741.53,1495.38,Paid,CUST-0044_Stanley_Dawltrey.pdf,11
Stanley Dawltrey,0 Packers Point,Fresno,California,93709,sdawltrey17@gravatar.com,559-537-9420,LOAN-0044,Debt consolidation,2522,4236.91,17,400%,TRX-LOAN-0044-012,07-01-2023,12,17,Auto Debit,249.23,2990.76,1246.15,Paid,CUST-0044_Stanley_Dawltrey.pdf,12
Stanley Dawltrey,0 Packers Point,Fresno,California,93709,sdawltrey17@gravatar.com,559-537-9420,LOAN-0044,Debt consolidation,2522,4236.91,17,400%,TRX-LOAN-0044-013,04-02-2023,13,17,Bank Transfer,249.23,3239.99,996.92,Paid,CUST-0044_Stanley_Dawltrey.pdf,13
Stanley Dawltrey,0 Packers Point,Fresno,California,93709,sdawltrey17@gravatar.com,559-537-9420,LOAN-0044,Debt consolidation,2522,4236.91,17,400%,TRX-LOAN-0044-014,04-03-2023,14,17,Auto Debit,249.23,3489.22,747.69,Paid,CUST-0044_Stanley_Dawltrey.pdf,14
Stanley Dawltrey,0 Packers Point,Fresno,California,93709,sdawltrey17@gravatar.com,559-537-9420,LOAN-0044,Debt consolidation,2522,4236.91,17,400%,TRX-LOAN-0044-015,07-04-2023,15,17,Auto Debit,249.23,3738.45,498.46,Paid,CUST-0044_Stanley_Dawltrey.pdf,15
Stanley Dawltrey,0 Packers Point,Fresno,California,93709,sdawltrey17@gravatar.com,559-537-9420,LOAN-0044,Debt consolidation,2522,4236.91,17,400%,TRX-LOAN-0044-016,16-05-2023,16,17,Bank Transfer,249.23,3987.68,249.23,Late,CUST-0044_Stanley_Dawltrey.pdf,16
Stanley Dawltrey,0 Packers Point,Fresno,California,93709,sdawltrey17@gravatar.com,559-537-9420,LOAN-0044,Debt consolidation,2522,4236.91,17,400%,TRX-LOAN-0044-017,05-06-2023,17,17,Auto Debit,249.23,4236.91,0,Paid,CUST-0044_Stanley_Dawltrey.pdf,17
Rainer Brosoli,2162 Browning Plaza,Santa Rosa,California,95405,rbrosoli1e@redcross.org,707-563-7449,LOAN-0051,Home improvement,34348,72817.78,14,800%,TRX-LOAN-0051-001,21-09-2022,1,14,Bank Transfer,5201.27,5201.27,67616.51,Paid,CUST-0051_Rainer_Brosoli.pdf,1
Rainer Brosoli,2162 Browning Plaza,Santa Rosa,California,95405,rbrosoli1e@redcross.org,707-563-7449,LOAN-0051,Home improvement,34348,72817.78,14,800%,TRX-LOAN-0051-002,22-10-2022,2,14,Auto Debit,5201.27,10402.54,62415.24,Paid,CUST-0051_Rainer_Brosoli.pdf,2
Rainer Brosoli,2162 Browning Plaza,Santa Rosa,California,95405,rbrosoli1e@redcross.org,707-563-7449,LOAN-0051,Home improvement,34348,72817.78,14,800%,TRX-LOAN-0051-003,20-11-2022,3,14,Bank Transfer,5201.27,15603.81,57213.97,Paid,CUST-0051_Rainer_Brosoli.pdf,3
Rainer Brosoli,2162 Browning Plaza,Santa Rosa,California,95405,rbrosoli1e@redcross.org,707-563-7449,LOAN-0051,Home improvement,34348,72817.78,14,800%,TRX-LOAN-0051-004,18-12-2022,4,14,Bank Transfer,5201.27,20805.08,52012.7,Paid,CUST-0051_Rainer_Brosoli.pdf,4
Rainer Brosoli,2162 Browning Plaza,Santa Rosa,California,95405,rbrosoli1e@redcross.org,707-563-7449,LOAN-0051,Home improvement,34348,72817.78,14,800%,TRX-LOAN-0051-005,29-01-2023,5,14,Bank Transfer,5201.27,26006.35,46811.43,Late,CUST-0051_Rainer_Brosoli.pdf,5
Rainer Brosoli,2162 Browning Plaza,Santa Rosa,California,95405,rbrosoli1e@redcross.org,707-563-7449,LOAN-0051,Home improvement,34348,72817.78,14,800%,TRX-LOAN-0051-006,20-02-2023,6,14,Virtual Account,5201.27,31207.62,41610.16,Paid,CUST-0051_Rainer_Brosoli.pdf,6
Rainer Brosoli,2162 Browning Plaza,Santa Rosa,California,95405,rbrosoli1e@redcross.org,707-563-7449,LOAN-0051,Home improvement,34348,72817.78,14,800%,TRX-LOAN-0051-007,20-03-2023,7,14,Bank Transfer,5201.27,36408.89,36408.89,Paid,CUST-0051_Rainer_Brosoli.pdf,7
Rainer Brosoli,2162 Browning Plaza,Santa Rosa,California,95405,rbrosoli1e@redcross.org,707-563-7449,LOAN-0051,Home improvement,34348,72817.78,14,800%,TRX-LOAN-0051-008,18-04-2023,8,14,Bank Transfer,5201.27,41610.16,31207.62,Paid,CUST-0051_Rainer_Brosoli.pdf,8
Rainer Brosoli,2162 Browning Plaza,Santa Rosa,California,95405,rbrosoli1e@redcross.org,707-563-7449,LOAN-0051,Home improvement,34348,72817.78,14,800%,TRX-LOAN-0051-009,21-05-2023,9,14,Virtual Account,5201.27,46811.43,26006.35,Paid,CUST-0051_Rainer_Brosoli.pdf,9
Rainer Brosoli,2162 Browning Plaza,Santa Rosa,California,95405,rbrosoli1e@redcross.org,707-563-7449,LOAN-0051,Home improvement,34348,72817.78,14,800%,TRX-LOAN-0051-010,22-06-2023,10,14,Auto Debit,5201.27,52012.7,20805.08,Paid,CUST-0051_Rainer_Brosoli.pdf,10
Rainer Brosoli,2162 Browning Plaza,Santa Rosa,California,95405,rbrosoli1e@redcross.org,707-563-7449,LOAN-0051,Home improvement,34348,72817.78,14,800%,TRX-LOAN-0051-011,21-07-2023,11,14,Bank Transfer,5201.27,57213.97,15603.81,Paid,CUST-0051_Rainer_Brosoli.pdf,11
Rainer Brosoli,2162 Browning Plaza,Santa Rosa,California,95405,rbrosoli1e@redcross.org,707-563-7449,LOAN-0051,Home improvement,34348,72817.78,14,800%,TRX-LOAN-0051-012,18-08-2023,12,14,Virtual Account,5201.27,62415.24,10402.54,Paid,CUST-0051_Rainer_Brosoli.pdf,12
Rainer Brosoli,2162 Browning Plaza,Santa Rosa,California,95405,rbrosoli1e@redcross.org,707-563-7449,LOAN-0051,Home improvement,34348,72817.78,14,800%,TRX-LOAN-0051-013,21-09-2023,13,14,Virtual Account,5201.27,67616.51,5201.27,Paid,CUST-0051_Rainer_Brosoli.pdf,13
Rainer Brosoli,2162 Browning Plaza,Santa Rosa,California,95405,rbrosoli1e@redcross.org,707-563-7449,LOAN-0051,Home improvement,34348,72817.78,14,800%,TRX-LOAN-0051-014,20-10-2023,14,14,Virtual Account,5201.27,72817.78,0,Paid,CUST-0051_Rainer_Brosoli.pdf,14
Jenn Blurton,85543 Union Junction,Sacramento,California,95818,jblurton1g@irs.gov,530-729-5333,LOAN-0053,Education,12971,14527.52,4,300%,TRX-LOAN-0053-001,16-05-2022,1,4,Auto Debit,3631.88,3631.88,10895.64,Late,CUST-0053_Jenn_Blurton.pdf,1
Jenn Blurton,85543 Union Junction,Sacramento,California,95818,jblurton1g@irs.gov,530-729-5333,LOAN-0053,Education,12971,14527.52,4,300%,TRX-LOAN-0053-002,04-06-2022,2,4,Virtual Account,3631.88,7263.76,7263.76,Paid,CUST-0053_Jenn_Blurton.pdf,2
Jenn Blurton,85543 Union Junction,Sacramento,California,95818,jblurton1g@irs.gov,530-729-5333,LOAN-0053,Education,12971,14527.52,4,300%,TRX-LOAN-0053-003,05-07-2022,3,4,Bank Transfer,3631.88,10895.64,3631.88,Paid,CUST-0053_Jenn_Blurton.pdf,3
Jenn Blurton,85543 Union Junction,Sacramento,California,95818,jblurton1g@irs.gov,530-729-5333,LOAN-0053,Education,12971,14527.52,4,300%,TRX-LOAN-0053-004,03-08-2022,4,4,Virtual Account,3631.88,14527.52,0,Paid,CUST-0053_Jenn_Blurton.pdf,4
Janel Ambrodi,0758 Porter Drive,Charlotte,North Carolina,28256,jambrodi1i@deliciousdays.com,704-274-4705,LOAN-0055,Home improvement,86424,501259.2,60,800%,TRX-LOAN-0055-001,26-04-2022,1,60,Bank Transfer,8354.32,8354.32,492904.88,Paid,CUST-0055_Janel_Ambrodi.pdf,1
Janel Ambrodi,0758 Porter Drive,Charlotte,North Carolina,28256,jambrodi1i@deliciousdays.com,704-274-4705,LOAN-0055,Home improvement,86424,501259.2,60,800%,TRX-LOAN-0055-002,22-05-2022,2,60,Virtual Account,8354.32,16708.64,484550.56,Paid,CUST-0055_Janel_Ambrodi.pdf,2
Janel Ambrodi,0758 Porter Drive,Charlotte,North Carolina,28256,jambrodi1i@deliciousdays.com,704-274-4705,LOAN-0055,Home improvement,86424,501259.2,60,800%,TRX-LOAN-0055-003,26-06-2022,3,60,Auto Debit,8354.32,25062.96,476196.24,Paid,CUST-0055_Janel_Ambrodi.pdf,3
Janel Ambrodi,0758 Porter Drive,Charlotte,North Carolina,28256,jambrodi1i@deliciousdays.com,704-274-4705,LOAN-0055,Home improvement,86424,501259.2,60,800%,TRX-LOAN-0055-004,07-08-2022,4,60,Auto Debit,8354.32,33417.28,467841.92,Late,CUST-0055_Janel_Ambrodi.pdf,4
Janel Ambrodi,0758 Porter Drive,Charlotte,North Carolina,28256,jambrodi1i@deliciousdays.com,704-274-4705,LOAN-0055,Home improvement,86424,501259.2,60,800%,TRX-LOAN-0055-005,23-08-2022,5,60,Bank Transfer,8354.32,41771.6,459487.6,Paid,CUST-0055_Janel_Ambrodi.pdf,5
Janel Ambrodi,0758 Porter Drive,Charlotte,North Carolina,28256,jambrodi1i@deliciousdays.com,704-274-4705,LOAN-0055,Home improvement,86424,501259.2,60,800%,TRX-LOAN-0055-006,22-09-2022,6,60,Auto Debit,8354.32,50125.92,451133.28,Paid,CUST-0055_Janel_Ambrodi.pdf,6
Janel Ambrodi,0758 Porter Drive,Charlotte,North Carolina,28256,jambrodi1i@deliciousdays.com,704-274-4705,LOAN-0055,Home improvement,86424,501259.2,60,800%,TRX-LOAN-0055-007,23-10-2022,7,60,Virtual Account,8354.32,58480.24,442778.96,Paid,CUST-0055_Janel_Ambrodi.pdf,7
Janel Ambrodi,0758 Porter Drive,Charlotte,North Carolina,28256,jambrodi1i@deliciousdays.com,704-274-4705,LOAN-0055,Home improvement,86424,501259.2,60,800%,TRX-LOAN-0055-008,23-11-2022,8,60,Bank Transfer,8354.32,66834.56,434424.64,Paid,CUST-0055_Janel_Ambrodi.pdf,8
Janel Ambrodi,0758 Porter Drive,Charlotte,North Carolina,28256,jambrodi1i@deliciousdays.com,704-274-4705,LOAN-0055,Home improvement,86424,501259.2,60,800%,TRX-LOAN-0055-009,26-12-2022,9,60,Virtual Account,8354.32,75188.88,426070.32,Paid,CUST-0055_Janel_Ambrodi.pdf,9
Janel Ambrodi,0758 Porter Drive,Charlotte,North Carolina,28256,jambrodi1i@deliciousdays.com,704-274-4705,LOAN-0055,Home improvement,86424,501259.2,60,800%,TRX-LOAN-0055-010,24-01-2023,10,60,Bank Transfer,8354.32,83543.2,417716,Paid,CUST-0055_Janel_Ambrodi.pdf,10
Janel Ambrodi,0758 Porter Drive,Charlotte,North Carolina,28256,jambrodi1i@deliciousdays.com,704-274-4705,LOAN-0055,Home improvement,86424,501259.2,60,800%,TRX-LOAN-0055-011,24-02-2023,11,60,Bank Transfer,8354.32,91897.52,409361.68,Paid,CUST-0055_Janel_Ambrodi.pdf,11
Janel Ambrodi,0758 Porter Drive,Charlotte,North Carolina,28256,jambrodi1i@deliciousdays.com,704-274-4705,LOAN-0055,Home improvement,86424,501259.2,60,800%,TRX-LOAN-0055-012,25-03-2023,12,60,Auto Debit,8354.32,100251.84,401007.36,Paid,CUST-0055_Janel_Ambrodi.pdf,12
Janel Ambrodi,0758 Porter Drive,Charlotte,North Carolina,28256,jambrodi1i@deliciousdays.com,704-274-4705,LOAN-0055,Home improvement,86424,501259.2,60,800%,TRX-LOAN-0055-013,11-05-2023,13,60,Bank Transfer,8354.32,108606.16,392653.04,Late,CUST-0055_Janel_Ambrodi.pdf,13
Janel Ambrodi,0758 Porter Drive,Charlotte,North Carolina,28256,jambrodi1i@deliciousdays.com,704-274-4705,LOAN-0055,Home improvement,86424,501259.2,60,800%,TRX-LOAN-0055-014,25-05-2023,14,60,Virtual Account,8354.32,116960.48,384298.72,Paid,CUST-0055_Janel_Ambrodi.pdf,14
Janel Ambrodi,0758 Porter Drive,Charlotte,North Carolina,28256,jambrodi1i@deliciousdays.com,704-274-4705,LOAN-0055,Home improvement,86424,501259.2,60,800%,TRX-LOAN-0055-015,22-06-2023,15,60,Auto Debit,8354.32,125314.8,375944.4,Paid,CUST-0055_Janel_Ambrodi.pdf,15
Janel Ambrodi,0758 Porter Drive,Charlotte,North Carolina,28256,jambrodi1i@deliciousdays.com,704-274-4705,LOAN-0055,Home improvement,86424,501259.2,60,800%,TRX-LOAN-0055-016,23-07-2023,16,60,Auto Debit,8354.32,133669.12,367590.08,Paid,CUST-0055_Janel_Ambrodi.pdf,16
Janel Ambrodi,0758 Porter Drive,Charlotte,North Carolina,28256,jambrodi1i@deliciousdays.com,704-274-4705,LOAN-0055,Home improvement,86424,501259.2,60,800%,TRX-LOAN-0055-017,25-08-2023,17,60,Auto Debit,8354.32,142023.44,359235.76,Paid,CUST-0055_Janel_Ambrodi.pdf,17
Janel Ambrodi,0758 Porter Drive,Charlotte,North Carolina,28256,jambrodi1i@deliciousdays.com,704-274-4705,LOAN-0055,Home improvement,86424,501259.2,60,800%,TRX-LOAN-0055-018,23-09-2023,18,60,Bank Transfer,8354.32,150377.76,350881.44,Paid,CUST-0055_Janel_Ambrodi.pdf,18
Janel Ambrodi,0758 Porter Drive,Charlotte,North Carolina,28256,jambrodi1i@deliciousdays.com,704-274-4705,LOAN-0055,Home improvement,86424,501259.2,60,800%,TRX-LOAN-0055-019,25-10-2023,19,60,Virtual Account,8354.32,158732.08,342527.12,Paid,CUST-0055_Janel_Ambrodi.pdf,19
Janel Ambrodi,0758 Porter Drive,Charlotte,North Carolina,28256,jambrodi1i@deliciousdays.com,704-274-4705,LOAN-0055,Home improvement,86424,501259.2,60,800%,TRX-LOAN-0055-020,05-12-2023,20,60,Auto Debit,8354.32,167086.4,334172.8,Late,CUST-0055_Janel_Ambrodi.pdf,20
Janel Ambrodi,0758 Porter Drive,Charlotte,North Carolina,28256,jambrodi1i@deliciousdays.com,704-274-4705,LOAN-0055,Home improvement,86424,501259.2,60,800%,TRX-LOAN-0055-021,24-12-2023,21,60,Auto Debit,8354.32,175440.72,325818.48,Paid,CUST-0055_Janel_Ambrodi.pdf,21
Janel Ambrodi,0758 Porter Drive,Charlotte,North Carolina,28256,jambrodi1i@deliciousdays.com,704-274-4705,LOAN-0055,Home improvement,86424,501259.2,60,800%,TRX-LOAN-0055-022,26-01-2024,22,60,Virtual Account,8354.32,183795.04,317464.16,Paid,CUST-0055_Janel_Ambrodi.pdf,22
Janel Ambrodi,0758 Porter Drive,Charlotte,North Carolina,28256,jambrodi1i@deliciousdays.com,704-274-4705,LOAN-0055,Home improvement,86424,501259.2,60,800%,TRX-LOAN-0055-023,24-02-2024,23,60,Auto Debit,8354.32,192149.36,309109.84,Paid,CUST-0055_Janel_Ambrodi.pdf,23
Janel Ambrodi,0758 Porter Drive,Charlotte,North Carolina,28256,jambrodi1i@deliciousdays.com,704-274-4705,LOAN-0055,Home improvement,86424,501259.2,60,800%,TRX-LOAN-0055-024,22-03-2024,24,60,Bank Transfer,8354.32,200503.68,300755.52,Paid,CUST-0055_Janel_Ambrodi.pdf,24
Janel Ambrodi,0758 Porter Drive,Charlotte,North Carolina,28256,jambrodi1i@deliciousdays.com,704-274-4705,LOAN-0055,Home improvement,86424,501259.2,60,800%,TRX-LOAN-0055-025,24-04-2024,25,60,Auto Debit,8354.32,208858,292401.2,Paid,CUST-0055_Janel_Ambrodi.pdf,25
Janel Ambrodi,0758 Porter Drive,Charlotte,North Carolina,28256,jambrodi1i@deliciousdays.com,704-274-4705,LOAN-0055,Home improvement,86424,501259.2,60,800%,TRX-LOAN-0055-026,04-06-2024,26,60,Auto Debit,8354.32,217212.32,284046.88,Late,CUST-0055_Janel_Ambrodi.pdf,26
Janel Ambrodi,0758 Porter Drive,Charlotte,North Carolina,28256,jambrodi1i@deliciousdays.com,704-274-4705,LOAN-0055,Home improvement,86424,501259.2,60,800%,TRX-LOAN-0055-027,28-06-2024,27,60,Bank Transfer,8354.32,225566.64,275692.56,Late,CUST-0055_Janel_Ambrodi.pdf,27
Janel Ambrodi,0758 Porter Drive,Charlotte,North Carolina,28256,jambrodi1i@deliciousdays.com,704-274-4705,LOAN-0055,Home improvement,86424,501259.2,60,800%,TRX-LOAN-0055-028,24-07-2024,28,60,Auto Debit,8354.32,233920.96,267338.24,Paid,CUST-0055_Janel_Ambrodi.pdf,28
Janel Ambrodi,0758 Porter Drive,Charlotte,North Carolina,28256,jambrodi1i@deliciousdays.com,704-274-4705,LOAN-0055,Home improvement,86424,501259.2,60,800%,TRX-LOAN-0055-029,22-08-2024,29,60,Auto Debit,8354.32,242275.28,258983.92,Paid,CUST-0055_Janel_Ambrodi.pdf,29
Janel Ambrodi,0758 Porter Drive,Charlotte,North Carolina,28256,jambrodi1i@deliciousdays.com,704-274-4705,LOAN-0055,Home improvement,86424,501259.2,60,800%,TRX-LOAN-0055-030,01-10-2024,30,60,Bank Transfer,8354.32,250629.6,250629.6,Late,CUST-0055_Janel_Ambrodi.pdf,30
Janel Ambrodi,0758 Porter Drive,Charlotte,North Carolina,28256,jambrodi1i@deliciousdays.com,704-274-4705,LOAN-0055,Home improvement,86424,501259.2,60,800%,TRX-LOAN-0055-031,24-10-2024,31,60,Bank Transfer,8354.32,258983.92,242275.28,Paid,CUST-0055_Janel_Ambrodi.pdf,31
Janel Ambrodi,0758 Porter Drive,Charlotte,North Carolina,28256,jambrodi1i@deliciousdays.com,704-274-4705,LOAN-0055,Home improvement,86424,501259.2,60,800%,TRX-LOAN-0055-032,07-12-2024,32,60,Virtual Account,8354.32,267338.24,233920.96,Late,CUST-0055_Janel_Ambrodi.pdf,32
Janel Ambrodi,0758 Porter Drive,Charlotte,North Carolina,28256,jambrodi1i@deliciousdays.com,704-274-4705,LOAN-0055,Home improvement,86424,501259.2,60,800%,TRX-LOAN-0055-033,26-12-2024,33,60,Virtual Account,8354.32,275692.56,225566.64,Paid,CUST-0055_Janel_Ambrodi.pdf,33
Janel Ambrodi,0758 Porter Drive,Charlotte,North Carolina,28256,jambrodi1i@deliciousdays.com,704-274-4705,LOAN-0055,Home improvement,86424,501259.2,60,800%,TRX-LOAN-0055-034,23-01-2025,34,60,Bank Transfer,8354.32,284046.88,217212.32,Paid,CUST-0055_Janel_Ambrodi.pdf,34
Janel Ambrodi,0758 Porter Drive,Charlotte,North Carolina,28256,jambrodi1i@deliciousdays.com,704-274-4705,LOAN-0055,Home improvement,86424,501259.2,60,800%,TRX-LOAN-0055-035,25-02-2025,35,60,Bank Transfer,8354.32,292401.2,208858,Paid,CUST-0055_Janel_Ambrodi.pdf,35
Janel Ambrodi,0758 Porter Drive,Charlotte,North Carolina,28256,jambrodi1i@deliciousdays.com,704-274-4705,LOAN-0055,Home improvement,86424,501259.2,60,800%,TRX-LOAN-0055-036,22-03-2025,36,60,Auto Debit,8354.32,300755.52,200503.68,Paid,CUST-0055_Janel_Ambrodi.pdf,36
Janel Ambrodi,0758 Porter Drive,Charlotte,North Carolina,28256,jambrodi1i@deliciousdays.com,704-274-4705,LOAN-0055,Home improvement,86424,501259.2,60,800%,TRX-LOAN-0055-037,22-04-2025,37,60,Virtual Account,8354.32,309109.84,192149.36,Paid,CUST-0055_Janel_Ambrodi.pdf,37
Janel Ambrodi,0758 Porter Drive,Charlotte,North Carolina,28256,jambrodi1i@deliciousdays.com,704-274-4705,LOAN-0055,Home improvement,86424,501259.2,60,800%,TRX-LOAN-0055-038,26-05-2025,38,60,Bank Transfer,8354.32,317464.16,183795.04,Paid,CUST-0055_Janel_Ambrodi.pdf,38
Janel Ambrodi,0758 Porter Drive,Charlotte,North Carolina,28256,jambrodi1i@deliciousdays.com,704-274-4705,LOAN-0055,Home improvement,86424,501259.2,60,800%,TRX-LOAN-0055-039,26-06-2025,39,60,Bank Transfer,8354.32,325818.48,175440.72,Paid,CUST-0055_Janel_Ambrodi.pdf,39
Janel Ambrodi,0758 Porter Drive,Charlotte,North Carolina,28256,jambrodi1i@deliciousdays.com,704-274-4705,LOAN-0055,Home improvement,86424,501259.2,60,800%,TRX-LOAN-0055-040,25-07-2025,40,60,Auto Debit,8354.32,334172.8,167086.4,Paid,CUST-0055_Janel_Ambrodi.pdf,40
Janel Ambrodi,0758 Porter Drive,Charlotte,North Carolina,28256,jambrodi1i@deliciousdays.com,704-274-4705,LOAN-0055,Home improvement,86424,501259.2,60,800%,TRX-LOAN-0055-041,25-08-2025,41,60,Bank Transfer,8354.32,342527.12,158732.08,Paid,CUST-0055_Janel_Ambrodi.pdf,41
Janel Ambrodi,0758 Porter Drive,Charlotte,North Carolina,28256,jambrodi1i@deliciousdays.com,704-274-4705,LOAN-0055,Home improvement,86424,501259.2,60,800%,TRX-LOAN-0055-042,24-09-2025,42,60,Bank Transfer,8354.32,350881.44,150377.76,Paid,CUST-0055_Janel_Ambrodi.pdf,42
Janel Ambrodi,0758 Porter Drive,Charlotte,North Carolina,28256,jambrodi1i@deliciousdays.com,704-274-4705,LOAN-0055,Home improvement,86424,501259.2,60,800%,TRX-LOAN-0055-043,26-10-2025,43,60,Auto Debit,8354.32,359235.76,142023.44,Paid,CUST-0055_Janel_Ambrodi.pdf,43
Janel Ambrodi,0758 Porter Drive,Charlotte,North Carolina,28256,jambrodi1i@deliciousdays.com,704-274-4705,LOAN-0055,Home improvement,86424,501259.2,60,800%,TRX-LOAN-0055-044,24-11-2025,44,60,Virtual Account,8354.32,367590.08,133669.12,Paid,CUST-0055_Janel_Ambrodi.pdf,44
Janel Ambrodi,0758 Porter Drive,Charlotte,North Carolina,28256,jambrodi1i@deliciousdays.com,704-274-4705,LOAN-0055,Home improvement,86424,501259.2,60,800%,TRX-LOAN-0055-045,30-12-2025,45,60,Bank Transfer,8354.32,375944.4,125314.8,Late,CUST-0055_Janel_Ambrodi.pdf,45
Janel Ambrodi,0758 Porter Drive,Charlotte,North Carolina,28256,jambrodi1i@deliciousdays.com,704-274-4705,LOAN-0055,Home improvement,86424,501259.2,60,800%,TRX-LOAN-0055-046,25-01-2026,46,60,Virtual Account,8354.32,384298.72,116960.48,Paid,CUST-0055_Janel_Ambrodi.pdf,46
Janel Ambrodi,0758 Porter Drive,Charlotte,North Carolina,28256,jambrodi1i@deliciousdays.com,704-274-4705,LOAN-0055,Home improvement,86424,501259.2,60,800%,TRX-LOAN-0055-047,22-02-2026,47,60,Auto Debit,8354.32,392653.04,108606.16,Paid,CUST-0055_Janel_Ambrodi.pdf,47
Janel Ambrodi,0758 Porter Drive,Charlotte,North Carolina,28256,jambrodi1i@deliciousdays.com,704-274-4705,LOAN-0055,Home improvement,86424,501259.2,60,800%,TRX-LOAN-0055-048,25-03-2026,48,60,Bank Transfer,8354.32,401007.36,100251.84,Paid,CUST-0055_Janel_Ambrodi.pdf,48
Janel Ambrodi,0758 Porter Drive,Charlotte,North Carolina,28256,jambrodi1i@deliciousdays.com,704-274-4705,LOAN-0055,Home improvement,86424,501259.2,60,800%,TRX-LOAN-0055-049,25-04-2026,49,60,Virtual Account,8354.32,409361.68,91897.52,Paid,CUST-0055_Janel_Ambrodi.pdf,49
Janel Ambrodi,0758 Porter Drive,Charlotte,North Carolina,28256,jambrodi1i@deliciousdays.com,704-274-4705,LOAN-0055,Home improvement,86424,501259.2,60,800%,TRX-LOAN-0055-050,26-05-2026,50,60,Bank Transfer,8354.32,417716,83543.2,Paid,CUST-0055_Janel_Ambrodi.pdf,50
Janel Ambrodi,0758 Porter Drive,Charlotte,North Carolina,28256,jambrodi1i@deliciousdays.com,704-274-4705,LOAN-0055,Home improvement,86424,501259.2,60,800%,TRX-LOAN-0055-051,22-06-2026,51,60,Bank Transfer,8354.32,426070.32,75188.88,Paid,CUST-0055_Janel_Ambrodi.pdf,51
Husein Ghione,4 Hoepker Point,Montgomery,Alabama,36104,hghione1j@smh.com.au,334-581-4645,LOAN-0056,Home improvement,51406,82249.6,10,600%,TRX-LOAN-0056-001,30-09-2022,1,10,Bank Transfer,8224.96,8224.96,74024.64,Paid,CUST-0056_Husein_Ghione.pdf,1
Husein Ghione,4 Hoepker Point,Montgomery,Alabama,36104,hghione1j@smh.com.au,334-581-4645,LOAN-0056,Home improvement,51406,82249.6,10,600%,TRX-LOAN-0056-002,29-10-2022,2,10,Virtual Account,8224.96,16449.92,65799.68,Paid,CUST-0056_Husein_Ghione.pdf,2
Husein Ghione,4 Hoepker Point,Montgomery,Alabama,36104,hghione1j@smh.com.au,334-581-4645,LOAN-0056,Home improvement,51406,82249.6,10,600%,TRX-LOAN-0056-003,15-12-2022,3,10,Auto Debit,8224.96,24674.88,57574.72,Late,CUST-0056_Husein_Ghione.pdf,3
Husein Ghione,4 Hoepker Point,Montgomery,Alabama,36104,hghione1j@smh.com.au,334-581-4645,LOAN-0056,Home improvement,51406,82249.6,10,600%,TRX-LOAN-0056-004,29-12-2022,4,10,Virtual Account,8224.96,32899.84,49349.76,Paid,CUST-0056_Husein_Ghione.pdf,4
Husein Ghione,4 Hoepker Point,Montgomery,Alabama,36104,hghione1j@smh.com.au,334-581-4645,LOAN-0056,Home improvement,51406,82249.6,10,600%,TRX-LOAN-0056-005,31-01-2023,5,10,Virtual Account,8224.96,41124.8,41124.8,Paid,CUST-0056_Husein_Ghione.pdf,5
Husein Ghione,4 Hoepker Point,Montgomery,Alabama,36104,hghione1j@smh.com.au,334-581-4645,LOAN-0056,Home improvement,51406,82249.6,10,600%,TRX-LOAN-0056-006,01-03-2023,6,10,Auto Debit,8224.96,49349.76,32899.84,Paid,CUST-0056_Husein_Ghione.pdf,6
Husein Ghione,4 Hoepker Point,Montgomery,Alabama,36104,hghione1j@smh.com.au,334-581-4645,LOAN-0056,Home improvement,51406,82249.6,10,600%,TRX-LOAN-0056-007,30-03-2023,7,10,Bank Transfer,8224.96,57574.72,24674.88,Paid,CUST-0056_Husein_Ghione.pdf,7
Husein Ghione,4 Hoepker Point,Montgomery,Alabama,36104,hghione1j@smh.com.au,334-581-4645,LOAN-0056,Home improvement,51406,82249.6,10,600%,TRX-LOAN-0056-008,03-05-2023,8,10,Auto Debit,8224.96,65799.68,16449.92,Paid,CUST-0056_Husein_Ghione.pdf,8
Husein Ghione,4 Hoepker Point,Montgomery,Alabama,36104,hghione1j@smh.com.au,334-581-4645,LOAN-0056,Home improvement,51406,82249.6,10,600%,TRX-LOAN-0056-009,29-05-2023,9,10,Bank Transfer,8224.96,74024.64,8224.96,Paid,CUST-0056_Husein_Ghione.pdf,9
Husein Ghione,4 Hoepker Point,Montgomery,Alabama,36104,hghione1j@smh.com.au,334-581-4645,LOAN-0056,Home improvement,51406,82249.6,10,600%,TRX-LOAN-0056-010,29-06-2023,10,10,Bank Transfer,8224.96,82249.6,0,Paid,CUST-0056_Husein_Ghione.pdf,10
Tulley Ainsworth,05 Brentwood Junction,Boulder,Colorado,80328,tainsworth1m@aol.com,303-212-8180,LOAN-0059,Home improvement,48953,193853.73,37,800%,TRX-LOAN-0059-001,04-03-2022,1,37,Auto Debit,5239.29,5239.29,188614.44,Paid,CUST-0059_Tulley_Ainsworth.pdf,1
Tulley Ainsworth,05 Brentwood Junction,Boulder,Colorado,80328,tainsworth1m@aol.com,303-212-8180,LOAN-0059,Home improvement,48953,193853.73,37,800%,TRX-LOAN-0059-002,04-04-2022,2,37,Virtual Account,5239.29,10478.58,183375.15,Paid,CUST-0059_Tulley_Ainsworth.pdf,2
Tulley Ainsworth,05 Brentwood Junction,Boulder,Colorado,80328,tainsworth1m@aol.com,303-212-8180,LOAN-0059,Home improvement,48953,193853.73,37,800%,TRX-LOAN-0059-003,01-05-2022,3,37,Auto Debit,5239.29,15717.87,178135.86,Paid,CUST-0059_Tulley_Ainsworth.pdf,3
Tulley Ainsworth,05 Brentwood Junction,Boulder,Colorado,80328,tainsworth1m@aol.com,303-212-8180,LOAN-0059,Home improvement,48953,193853.73,37,800%,TRX-LOAN-0059-004,01-06-2022,4,37,Bank Transfer,5239.29,20957.16,172896.57,Paid,CUST-0059_Tulley_Ainsworth.pdf,4
Tulley Ainsworth,05 Brentwood Junction,Boulder,Colorado,80328,tainsworth1m@aol.com,303-212-8180,LOAN-0059,Home improvement,48953,193853.73,37,800%,TRX-LOAN-0059-005,03-07-2022,5,37,Virtual Account,5239.29,26196.45,167657.28,Paid,CUST-0059_Tulley_Ainsworth.pdf,5
Tulley Ainsworth,05 Brentwood Junction,Boulder,Colorado,80328,tainsworth1m@aol.com,303-212-8180,LOAN-0059,Home improvement,48953,193853.73,37,800%,TRX-LOAN-0059-006,15-08-2022,6,37,Virtual Account,5239.29,31435.74,162417.99,Late,CUST-0059_Tulley_Ainsworth.pdf,6
Tulley Ainsworth,05 Brentwood Junction,Boulder,Colorado,80328,tainsworth1m@aol.com,303-212-8180,LOAN-0059,Home improvement,48953,193853.73,37,800%,TRX-LOAN-0059-007,03-09-2022,7,37,Auto Debit,5239.29,36675.03,157178.7,Paid,CUST-0059_Tulley_Ainsworth.pdf,7
Tulley Ainsworth,05 Brentwood Junction,Boulder,Colorado,80328,tainsworth1m@aol.com,303-212-8180,LOAN-0059,Home improvement,48953,193853.73,37,800%,TRX-LOAN-0059-008,05-10-2022,8,37,Virtual Account,5239.29,41914.32,151939.41,Paid,CUST-0059_Tulley_Ainsworth.pdf,8
Tulley Ainsworth,05 Brentwood Junction,Boulder,Colorado,80328,tainsworth1m@aol.com,303-212-8180,LOAN-0059,Home improvement,48953,193853.73,37,800%,TRX-LOAN-0059-009,15-11-2022,9,37,Auto Debit,5239.29,47153.61,146700.12,Late,CUST-0059_Tulley_Ainsworth.pdf,9
Tulley Ainsworth,05 Brentwood Junction,Boulder,Colorado,80328,tainsworth1m@aol.com,303-212-8180,LOAN-0059,Home improvement,48953,193853.73,37,800%,TRX-LOAN-0059-010,02-12-2022,10,37,Bank Transfer,5239.29,52392.9,141460.83,Paid,CUST-0059_Tulley_Ainsworth.pdf,10
Tulley Ainsworth,05 Brentwood Junction,Boulder,Colorado,80328,tainsworth1m@aol.com,303-212-8180,LOAN-0059,Home improvement,48953,193853.73,37,800%,TRX-LOAN-0059-011,02-01-2023,11,37,Auto Debit,5239.29,57632.19,136221.54,Paid,CUST-0059_Tulley_Ainsworth.pdf,11
Tulley Ainsworth,05 Brentwood Junction,Boulder,Colorado,80328,tainsworth1m@aol.com,303-212-8180,LOAN-0059,Home improvement,48953,193853.73,37,800%,TRX-LOAN-0059-012,01-02-2023,12,37,Bank Transfer,5239.29,62871.48,130982.25,Paid,CUST-0059_Tulley_Ainsworth.pdf,12
Tulley Ainsworth,05 Brentwood Junction,Boulder,Colorado,80328,tainsworth1m@aol.com,303-212-8180,LOAN-0059,Home improvement,48953,193853.73,37,800%,TRX-LOAN-0059-013,05-03-2023,13,37,Bank Transfer,5239.29,68110.77,125742.96,Paid,CUST-0059_Tulley_Ainsworth.pdf,13
Tulley Ainsworth,05 Brentwood Junction,Boulder,Colorado,80328,tainsworth1m@aol.com,303-212-8180,LOAN-0059,Home improvement,48953,193853.73,37,800%,TRX-LOAN-0059-014,09-04-2023,14,37,Auto Debit,5239.29,73350.06,120503.67,Late,CUST-0059_Tulley_Ainsworth.pdf,14
Tulley Ainsworth,05 Brentwood Junction,Boulder,Colorado,80328,tainsworth1m@aol.com,303-212-8180,LOAN-0059,Home improvement,48953,193853.73,37,800%,TRX-LOAN-0059-015,01-05-2023,15,37,Bank Transfer,5239.29,78589.35,115264.38,Paid,CUST-0059_Tulley_Ainsworth.pdf,15
Tulley Ainsworth,05 Brentwood Junction,Boulder,Colorado,80328,tainsworth1m@aol.com,303-212-8180,LOAN-0059,Home improvement,48953,193853.73,37,800%,TRX-LOAN-0059-016,19-06-2023,16,37,Virtual Account,5239.29,83828.64,110025.09,Late,CUST-0059_Tulley_Ainsworth.pdf,16
Tulley Ainsworth,05 Brentwood Junction,Boulder,Colorado,80328,tainsworth1m@aol.com,303-212-8180,LOAN-0059,Home improvement,48953,193853.73,37,800%,TRX-LOAN-0059-017,03-07-2023,17,37,Auto Debit,5239.29,89067.93,104785.8,Paid,CUST-0059_Tulley_Ainsworth.pdf,17
Tulley Ainsworth,05 Brentwood Junction,Boulder,Colorado,80328,tainsworth1m@aol.com,303-212-8180,LOAN-0059,Home improvement,48953,193853.73,37,800%,TRX-LOAN-0059-018,02-08-2023,18,37,Bank Transfer,5239.29,94307.22,99546.51,Paid,CUST-0059_Tulley_Ainsworth.pdf,18
Tulley Ainsworth,05 Brentwood Junction,Boulder,Colorado,80328,tainsworth1m@aol.com,303-212-8180,LOAN-0059,Home improvement,48953,193853.73,37,800%,TRX-LOAN-0059-019,16-09-2023,19,37,Auto Debit,5239.29,99546.51,94307.22,Late,CUST-0059_Tulley_Ainsworth.pdf,19
Tulley Ainsworth,05 Brentwood Junction,Boulder,Colorado,80328,tainsworth1m@aol.com,303-212-8180,LOAN-0059,Home improvement,48953,193853.73,37,800%,TRX-LOAN-0059-020,11-10-2023,20,37,Auto Debit,5239.29,104785.8,89067.93,Late,CUST-0059_Tulley_Ainsworth.pdf,20
Tulley Ainsworth,05 Brentwood Junction,Boulder,Colorado,80328,tainsworth1m@aol.com,303-212-8180,LOAN-0059,Home improvement,48953,193853.73,37,800%,TRX-LOAN-0059-021,02-11-2023,21,37,Virtual Account,5239.29,110025.09,83828.64,Paid,CUST-0059_Tulley_Ainsworth.pdf,21
Tulley Ainsworth,05 Brentwood Junction,Boulder,Colorado,80328,tainsworth1m@aol.com,303-212-8180,LOAN-0059,Home improvement,48953,193853.73,37,800%,TRX-LOAN-0059-022,14-12-2023,22,37,Bank Transfer,5239.29,115264.38,78589.35,Late,CUST-0059_Tulley_Ainsworth.pdf,22
Tulley Ainsworth,05 Brentwood Junction,Boulder,Colorado,80328,tainsworth1m@aol.com,303-212-8180,LOAN-0059,Home improvement,48953,193853.73,37,800%,TRX-LOAN-0059-023,02-01-2024,23,37,Auto Debit,5239.29,120503.67,73350.06,Paid,CUST-0059_Tulley_Ainsworth.pdf,23
Tulley Ainsworth,05 Brentwood Junction,Boulder,Colorado,80328,tainsworth1m@aol.com,303-212-8180,LOAN-0059,Home improvement,48953,193853.73,37,800%,TRX-LOAN-0059-024,02-02-2024,24,37,Bank Transfer,5239.29,125742.96,68110.77,Paid,CUST-0059_Tulley_Ainsworth.pdf,24
Tulley Ainsworth,05 Brentwood Junction,Boulder,Colorado,80328,tainsworth1m@aol.com,303-212-8180,LOAN-0059,Home improvement,48953,193853.73,37,800%,TRX-LOAN-0059-025,02-03-2024,25,37,Virtual Account,5239.29,130982.25,62871.48,Paid,CUST-0059_Tulley_Ainsworth.pdf,25
Tulley Ainsworth,05 Brentwood Junction,Boulder,Colorado,80328,tainsworth1m@aol.com,303-212-8180,LOAN-0059,Home improvement,48953,193853.73,37,800%,TRX-LOAN-0059-026,05-04-2024,26,37,Auto Debit,5239.29,136221.54,57632.19,Paid,CUST-0059_Tulley_Ainsworth.pdf,26
Tulley Ainsworth,05 Brentwood Junction,Boulder,Colorado,80328,tainsworth1m@aol.com,303-212-8180,LOAN-0059,Home improvement,48953,193853.73,37,800%,TRX-LOAN-0059-027,05-05-2024,27,37,Auto Debit,5239.29,141460.83,52392.9,Paid,CUST-0059_Tulley_Ainsworth.pdf,27
Tulley Ainsworth,05 Brentwood Junction,Boulder,Colorado,80328,tainsworth1m@aol.com,303-212-8180,LOAN-0059,Home improvement,48953,193853.73,37,800%,TRX-LOAN-0059-028,01-06-2024,28,37,Virtual Account,5239.29,146700.12,47153.61,Paid,CUST-0059_Tulley_Ainsworth.pdf,28
Tulley Ainsworth,05 Brentwood Junction,Boulder,Colorado,80328,tainsworth1m@aol.com,303-212-8180,LOAN-0059,Home improvement,48953,193853.73,37,800%,TRX-LOAN-0059-029,05-07-2024,29,37,Auto Debit,5239.29,151939.41,41914.32,Paid,CUST-0059_Tulley_Ainsworth.pdf,29
Tulley Ainsworth,05 Brentwood Junction,Boulder,Colorado,80328,tainsworth1m@aol.com,303-212-8180,LOAN-0059,Home improvement,48953,193853.73,37,800%,TRX-LOAN-0059-030,05-08-2024,30,37,Bank Transfer,5239.29,157178.7,36675.03,Paid,CUST-0059_Tulley_Ainsworth.pdf,30
Tulley Ainsworth,05 Brentwood Junction,Boulder,Colorado,80328,tainsworth1m@aol.com,303-212-8180,LOAN-0059,Home improvement,48953,193853.73,37,800%,TRX-LOAN-0059-031,01-09-2024,31,37,Auto Debit,5239.29,162417.99,31435.74,Paid,CUST-0059_Tulley_Ainsworth.pdf,31
Tulley Ainsworth,05 Brentwood Junction,Boulder,Colorado,80328,tainsworth1m@aol.com,303-212-8180,LOAN-0059,Home improvement,48953,193853.73,37,800%,TRX-LOAN-0059-032,02-10-2024,32,37,Bank Transfer,5239.29,167657.28,26196.45,Paid,CUST-0059_Tulley_Ainsworth.pdf,32
Tulley Ainsworth,05 Brentwood Junction,Boulder,Colorado,80328,tainsworth1m@aol.com,303-212-8180,LOAN-0059,Home improvement,48953,193853.73,37,800%,TRX-LOAN-0059-033,04-11-2024,33,37,Virtual Account,5239.29,172896.57,20957.16,Paid,CUST-0059_Tulley_Ainsworth.pdf,33
Tulley Ainsworth,05 Brentwood Junction,Boulder,Colorado,80328,tainsworth1m@aol.com,303-212-8180,LOAN-0059,Home improvement,48953,193853.73,37,800%,TRX-LOAN-0059-034,03-12-2024,34,37,Virtual Account,5239.29,178135.86,15717.87,Paid,CUST-0059_Tulley_Ainsworth.pdf,34
Tulley Ainsworth,05 Brentwood Junction,Boulder,Colorado,80328,tainsworth1m@aol.com,303-212-8180,LOAN-0059,Home improvement,48953,193853.73,37,800%,TRX-LOAN-0059-035,02-01-2025,35,37,Bank Transfer,5239.29,183375.15,10478.58,Paid,CUST-0059_Tulley_Ainsworth.pdf,35
Tulley Ainsworth,05 Brentwood Junction,Boulder,Colorado,80328,tainsworth1m@aol.com,303-212-8180,LOAN-0059,Home improvement,48953,193853.73,37,800%,TRX-LOAN-0059-036,05-02-2025,36,37,Virtual Account,5239.29,188614.44,5239.29,Paid,CUST-0059_Tulley_Ainsworth.pdf,36
Tulley Ainsworth,05 Brentwood Junction,Boulder,Colorado,80328,tainsworth1m@aol.com,303-212-8180,LOAN-0059,Home improvement,48953,193853.73,37,800%,TRX-LOAN-0059-037,02-03-2025,37,37,Bank Transfer,5239.29,193853.73,0,Paid,CUST-0059_Tulley_Ainsworth.pdf,37
Ashli Strauss,13102 Becker Street,Houston,Texas,77070,astrauss1o@4shared.com,832-559-5383,LOAN-0061,Education,51611,105286.48,26,400%,TRX-LOAN-0061-001,15-12-2022,1,26,Auto Debit,4049.48,4049.48,101237,Paid,CUST-0061_Ashli_Strauss.pdf,1
Ashli Strauss,13102 Becker Street,Houston,Texas,77070,astrauss1o@4shared.com,832-559-5383,LOAN-0061,Education,51611,105286.48,26,400%,TRX-LOAN-0061-002,12-01-2023,2,26,Auto Debit,4049.48,8098.96,97187.52,Paid,CUST-0061_Ashli_Strauss.pdf,2
Ashli Strauss,13102 Becker Street,Houston,Texas,77070,astrauss1o@4shared.com,832-559-5383,LOAN-0061,Education,51611,105286.48,26,400%,TRX-LOAN-0061-003,19-02-2023,3,26,Virtual Account,4049.48,12148.44,93138.04,Late,CUST-0061_Ashli_Strauss.pdf,3
Ashli Strauss,13102 Becker Street,Houston,Texas,77070,astrauss1o@4shared.com,832-559-5383,LOAN-0061,Education,51611,105286.48,26,400%,TRX-LOAN-0061-004,12-03-2023,4,26,Virtual Account,4049.48,16197.92,89088.56,Paid,CUST-0061_Ashli_Strauss.pdf,4
Ashli Strauss,13102 Becker Street,Houston,Texas,77070,astrauss1o@4shared.com,832-559-5383,LOAN-0061,Education,51611,105286.48,26,400%,TRX-LOAN-0061-005,12-04-2023,5,26,Auto Debit,4049.48,20247.4,85039.08,Paid,CUST-0061_Ashli_Strauss.pdf,5
Ashli Strauss,13102 Becker Street,Houston,Texas,77070,astrauss1o@4shared.com,832-559-5383,LOAN-0061,Education,51611,105286.48,26,400%,TRX-LOAN-0061-006,14-05-2023,6,26,Auto Debit,4049.48,24296.88,80989.6,Paid,CUST-0061_Ashli_Strauss.pdf,6
Ashli Strauss,13102 Becker Street,Houston,Texas,77070,astrauss1o@4shared.com,832-559-5383,LOAN-0061,Education,51611,105286.48,26,400%,TRX-LOAN-0061-007,14-06-2023,7,26,Auto Debit,4049.48,28346.36,76940.12,Paid,CUST-0061_Ashli_Strauss.pdf,7
Ashli Strauss,13102 Becker Street,Houston,Texas,77070,astrauss1o@4shared.com,832-559-5383,LOAN-0061,Education,51611,105286.48,26,400%,TRX-LOAN-0061-008,13-07-2023,8,26,Virtual Account,4049.48,32395.84,72890.64,Paid,CUST-0061_Ashli_Strauss.pdf,8
Ashli Strauss,13102 Becker Street,Houston,Texas,77070,astrauss1o@4shared.com,832-559-5383,LOAN-0061,Education,51611,105286.48,26,400%,TRX-LOAN-0061-009,30-08-2023,9,26,Virtual Account,4049.48,36445.32,68841.16,Late,CUST-0061_Ashli_Strauss.pdf,9
Ashli Strauss,13102 Becker Street,Houston,Texas,77070,astrauss1o@4shared.com,832-559-5383,LOAN-0061,Education,51611,105286.48,26,400%,TRX-LOAN-0061-010,12-09-2023,10,26,Bank Transfer,4049.48,40494.8,64791.68,Paid,CUST-0061_Ashli_Strauss.pdf,10
Ashli Strauss,13102 Becker Street,Houston,Texas,77070,astrauss1o@4shared.com,832-559-5383,LOAN-0061,Education,51611,105286.48,26,400%,TRX-LOAN-0061-011,16-10-2023,11,26,Auto Debit,4049.48,44544.28,60742.2,Paid,CUST-0061_Ashli_Strauss.pdf,11
Ashli Strauss,13102 Becker Street,Houston,Texas,77070,astrauss1o@4shared.com,832-559-5383,LOAN-0061,Education,51611,105286.48,26,400%,TRX-LOAN-0061-012,14-11-2023,12,26,Bank Transfer,4049.48,48593.76,56692.72,Paid,CUST-0061_Ashli_Strauss.pdf,12
Ashli Strauss,13102 Becker Street,Houston,Texas,77070,astrauss1o@4shared.com,832-559-5383,LOAN-0061,Education,51611,105286.48,26,400%,TRX-LOAN-0061-013,16-12-2023,13,26,Auto Debit,4049.48,52643.24,52643.24,Paid,CUST-0061_Ashli_Strauss.pdf,13
Ashli Strauss,13102 Becker Street,Houston,Texas,77070,astrauss1o@4shared.com,832-559-5383,LOAN-0061,Education,51611,105286.48,26,400%,TRX-LOAN-0061-014,14-01-2024,14,26,Virtual Account,4049.48,56692.72,48593.76,Paid,CUST-0061_Ashli_Strauss.pdf,14
Ashli Strauss,13102 Becker Street,Houston,Texas,77070,astrauss1o@4shared.com,832-559-5383,LOAN-0061,Education,51611,105286.48,26,400%,TRX-LOAN-0061-015,14-02-2024,15,26,Auto Debit,4049.48,60742.2,44544.28,Paid,CUST-0061_Ashli_Strauss.pdf,15
Ashli Strauss,13102 Becker Street,Houston,Texas,77070,astrauss1o@4shared.com,832-559-5383,LOAN-0061,Education,51611,105286.48,26,400%,TRX-LOAN-0061-016,16-03-2024,16,26,Virtual Account,4049.48,64791.68,40494.8,Paid,CUST-0061_Ashli_Strauss.pdf,16
Ashli Strauss,13102 Becker Street,Houston,Texas,77070,astrauss1o@4shared.com,832-559-5383,LOAN-0061,Education,51611,105286.48,26,400%,TRX-LOAN-0061-017,27-04-2024,17,26,Virtual Account,4049.48,68841.16,36445.32,Late,CUST-0061_Ashli_Strauss.pdf,17
Ashli Strauss,13102 Becker Street,Houston,Texas,77070,astrauss1o@4shared.com,832-559-5383,LOAN-0061,Education,51611,105286.48,26,400%,TRX-LOAN-0061-018,12-05-2024,18,26,Bank Transfer,4049.48,72890.64,32395.84,Paid,CUST-0061_Ashli_Strauss.pdf,18
Ashli Strauss,13102 Becker Street,Houston,Texas,77070,astrauss1o@4shared.com,832-559-5383,LOAN-0061,Education,51611,105286.48,26,400%,TRX-LOAN-0061-019,13-06-2024,19,26,Virtual Account,4049.48,76940.12,28346.36,Paid,CUST-0061_Ashli_Strauss.pdf,19
Ashli Strauss,13102 Becker Street,Houston,Texas,77070,astrauss1o@4shared.com,832-559-5383,LOAN-0061,Education,51611,105286.48,26,400%,TRX-LOAN-0061-020,13-07-2024,20,26,Auto Debit,4049.48,80989.6,24296.88,Paid,CUST-0061_Ashli_Strauss.pdf,20
Ashli Strauss,13102 Becker Street,Houston,Texas,77070,astrauss1o@4shared.com,832-559-5383,LOAN-0061,Education,51611,105286.48,26,400%,TRX-LOAN-0061-021,15-08-2024,21,26,Virtual Account,4049.48,85039.08,20247.4,Paid,CUST-0061_Ashli_Strauss.pdf,21
Ashli Strauss,13102 Becker Street,Houston,Texas,77070,astrauss1o@4shared.com,832-559-5383,LOAN-0061,Education,51611,105286.48,26,400%,TRX-LOAN-0061-022,16-09-2024,22,26,Bank Transfer,4049.48,89088.56,16197.92,Paid,CUST-0061_Ashli_Strauss.pdf,22
Ashli Strauss,13102 Becker Street,Houston,Texas,77070,astrauss1o@4shared.com,832-559-5383,LOAN-0061,Education,51611,105286.48,26,400%,TRX-LOAN-0061-023,28-10-2024,23,26,Auto Debit,4049.48,93138.04,12148.44,Late,CUST-0061_Ashli_Strauss.pdf,23
Ashli Strauss,13102 Becker Street,Houston,Texas,77070,astrauss1o@4shared.com,832-559-5383,LOAN-0061,Education,51611,105286.48,26,400%,TRX-LOAN-0061-024,16-11-2024,24,26,Virtual Account,4049.48,97187.52,8098.96,Paid,CUST-0061_Ashli_Strauss.pdf,24
Ashli Strauss,13102 Becker Street,Houston,Texas,77070,astrauss1o@4shared.com,832-559-5383,LOAN-0061,Education,51611,105286.48,26,400%,TRX-LOAN-0061-025,15-12-2024,25,26,Auto Debit,4049.48,101237,4049.48,Paid,CUST-0061_Ashli_Strauss.pdf,25
Ashli Strauss,13102 Becker Street,Houston,Texas,77070,astrauss1o@4shared.com,832-559-5383,LOAN-0061,Education,51611,105286.48,26,400%,TRX-LOAN-0061-026,16-01-2025,26,26,Virtual Account,4049.48,105286.48,0,Paid,CUST-0061_Ashli_Strauss.pdf,26
Logan Fardy,8526 Arapahoe Alley,Philadelphia,Pennsylvania,19093,lfardy1q@chron.com,215-854-8912,LOAN-0063,Education,37227,43927.86,3,600%,TRX-LOAN-0063-001,01-06-2022,1,3,Auto Debit,14642.62,14642.62,29285.24,Paid,CUST-0063_Logan_Fardy.pdf,1
Logan Fardy,8526 Arapahoe Alley,Philadelphia,Pennsylvania,19093,lfardy1q@chron.com,215-854-8912,LOAN-0063,Education,37227,43927.86,3,600%,TRX-LOAN-0063-002,02-07-2022,2,3,Auto Debit,14642.62,29285.24,14642.62,Paid,CUST-0063_Logan_Fardy.pdf,2
Logan Fardy,8526 Arapahoe Alley,Philadelphia,Pennsylvania,19093,lfardy1q@chron.com,215-854-8912,LOAN-0063,Education,37227,43927.86,3,600%,TRX-LOAN-0063-003,01-08-2022,3,3,Virtual Account,14642.62,43927.86,0,Paid,CUST-0063_Logan_Fardy.pdf,3
Correy Berard,6334 Pond Pass,Oakland,California,94660,cberard1r@wikispaces.com,510-502-8309,LOAN-0064,Education,67447,168617.5,25,600%,TRX-LOAN-0064-001,20-07-2022,1,25,Virtual Account,6744.7,6744.7,161872.8,Late,CUST-0064_Correy_Berard.pdf,1
Correy Berard,6334 Pond Pass,Oakland,California,94660,cberard1r@wikispaces.com,510-502-8309,LOAN-0064,Education,67447,168617.5,25,600%,TRX-LOAN-0064-002,18-08-2022,2,25,Auto Debit,6744.7,13489.4,155128.1,Paid,CUST-0064_Correy_Berard.pdf,2
Correy Berard,6334 Pond Pass,Oakland,California,94660,cberard1r@wikispaces.com,510-502-8309,LOAN-0064,Education,67447,168617.5,25,600%,TRX-LOAN-0064-003,18-09-2022,3,25,Bank Transfer,6744.7,20234.1,148383.4,Paid,CUST-0064_Correy_Berard.pdf,3
Correy Berard,6334 Pond Pass,Oakland,California,94660,cberard1r@wikispaces.com,510-502-8309,LOAN-0064,Education,67447,168617.5,25,600%,TRX-LOAN-0064-004,19-10-2022,4,25,Bank Transfer,6744.7,26978.8,141638.7,Paid,CUST-0064_Correy_Berard.pdf,4
Correy Berard,6334 Pond Pass,Oakland,California,94660,cberard1r@wikispaces.com,510-502-8309,LOAN-0064,Education,67447,168617.5,25,600%,TRX-LOAN-0064-005,17-11-2022,5,25,Auto Debit,6744.7,33723.5,134894,Paid,CUST-0064_Correy_Berard.pdf,5
Correy Berard,6334 Pond Pass,Oakland,California,94660,cberard1r@wikispaces.com,510-502-8309,LOAN-0064,Education,67447,168617.5,25,600%,TRX-LOAN-0064-006,19-12-2022,6,25,Virtual Account,6744.7,40468.2,128149.3,Paid,CUST-0064_Correy_Berard.pdf,6
Correy Berard,6334 Pond Pass,Oakland,California,94660,cberard1r@wikispaces.com,510-502-8309,LOAN-0064,Education,67447,168617.5,25,600%,TRX-LOAN-0064-007,16-01-2023,7,25,Auto Debit,6744.7,47212.9,121404.6,Paid,CUST-0064_Correy_Berard.pdf,7
Correy Berard,6334 Pond Pass,Oakland,California,94660,cberard1r@wikispaces.com,510-502-8309,LOAN-0064,Education,67447,168617.5,25,600%,TRX-LOAN-0064-008,18-02-2023,8,25,Virtual Account,6744.7,53957.6,114659.9,Paid,CUST-0064_Correy_Berard.pdf,8
Correy Berard,6334 Pond Pass,Oakland,California,94660,cberard1r@wikispaces.com,510-502-8309,LOAN-0064,Education,67447,168617.5,25,600%,TRX-LOAN-0064-009,19-03-2023,9,25,Virtual Account,6744.7,60702.3,107915.2,Paid,CUST-0064_Correy_Berard.pdf,9
Correy Berard,6334 Pond Pass,Oakland,California,94660,cberard1r@wikispaces.com,510-502-8309,LOAN-0064,Education,67447,168617.5,25,600%,TRX-LOAN-0064-010,19-04-2023,10,25,Virtual Account,6744.7,67447,101170.5,Paid,CUST-0064_Correy_Berard.pdf,10
Correy Berard,6334 Pond Pass,Oakland,California,94660,cberard1r@wikispaces.com,510-502-8309,LOAN-0064,Education,67447,168617.5,25,600%,TRX-LOAN-0064-011,17-05-2023,11,25,Virtual Account,6744.7,74191.7,94425.8,Paid,CUST-0064_Correy_Berard.pdf,11
Correy Berard,6334 Pond Pass,Oakland,California,94660,cberard1r@wikispaces.com,510-502-8309,LOAN-0064,Education,67447,168617.5,25,600%,TRX-LOAN-0064-012,18-06-2023,12,25,Bank Transfer,6744.7,80936.4,87681.1,Paid,CUST-0064_Correy_Berard.pdf,12
Correy Berard,6334 Pond Pass,Oakland,California,94660,cberard1r@wikispaces.com,510-502-8309,LOAN-0064,Education,67447,168617.5,25,600%,TRX-LOAN-0064-013,16-07-2023,13,25,Auto Debit,6744.7,87681.1,80936.4,Paid,CUST-0064_Correy_Berard.pdf,13
Correy Berard,6334 Pond Pass,Oakland,California,94660,cberard1r@wikispaces.com,510-502-8309,LOAN-0064,Education,67447,168617.5,25,600%,TRX-LOAN-0064-014,17-08-2023,14,25,Auto Debit,6744.7,94425.8,74191.7,Paid,CUST-0064_Correy_Berard.pdf,14
Correy Berard,6334 Pond Pass,Oakland,California,94660,cberard1r@wikispaces.com,510-502-8309,LOAN-0064,Education,67447,168617.5,25,600%,TRX-LOAN-0064-015,16-09-2023,15,25,Auto Debit,6744.7,101170.5,67447,Paid,CUST-0064_Correy_Berard.pdf,15
Correy Berard,6334 Pond Pass,Oakland,California,94660,cberard1r@wikispaces.com,510-502-8309,LOAN-0064,Education,67447,168617.5,25,600%,TRX-LOAN-0064-016,19-10-2023,16,25,Bank Transfer,6744.7,107915.2,60702.3,Paid,CUST-0064_Correy_Berard.pdf,16
Correy Berard,6334 Pond Pass,Oakland,California,94660,cberard1r@wikispaces.com,510-502-8309,LOAN-0064,Education,67447,168617.5,25,600%,TRX-LOAN-0064-017,18-11-2023,17,25,Virtual Account,6744.7,114659.9,53957.6,Paid,CUST-0064_Correy_Berard.pdf,17
Correy Berard,6334 Pond Pass,Oakland,California,94660,cberard1r@wikispaces.com,510-502-8309,LOAN-0064,Education,67447,168617.5,25,600%,TRX-LOAN-0064-018,18-12-2023,18,25,Bank Transfer,6744.7,121404.6,47212.9,Paid,CUST-0064_Correy_Berard.pdf,18
Correy Berard,6334 Pond Pass,Oakland,California,94660,cberard1r@wikispaces.com,510-502-8309,LOAN-0064,Education,67447,168617.5,25,600%,TRX-LOAN-0064-019,16-01-2024,19,25,Auto Debit,6744.7,128149.3,40468.2,Paid,CUST-0064_Correy_Berard.pdf,19
Correy Berard,6334 Pond Pass,Oakland,California,94660,cberard1r@wikispaces.com,510-502-8309,LOAN-0064,Education,67447,168617.5,25,600%,TRX-LOAN-0064-020,19-02-2024,20,25,Auto Debit,6744.7,134894,33723.5,Paid,CUST-0064_Correy_Berard.pdf,20
Correy Berard,6334 Pond Pass,Oakland,California,94660,cberard1r@wikispaces.com,510-502-8309,LOAN-0064,Education,67447,168617.5,25,600%,TRX-LOAN-0064-021,17-03-2024,21,25,Auto Debit,6744.7,141638.7,26978.8,Paid,CUST-0064_Correy_Berard.pdf,21
Correy Berard,6334 Pond Pass,Oakland,California,94660,cberard1r@wikispaces.com,510-502-8309,LOAN-0064,Education,67447,168617.5,25,600%,TRX-LOAN-0064-022,29-04-2024,22,25,Bank Transfer,6744.7,148383.4,20234.1,Late,CUST-0064_Correy_Berard.pdf,22
Correy Berard,6334 Pond Pass,Oakland,California,94660,cberard1r@wikispaces.com,510-502-8309,LOAN-0064,Education,67447,168617.5,25,600%,TRX-LOAN-0064-023,16-05-2024,23,25,Virtual Account,6744.7,155128.1,13489.4,Paid,CUST-0064_Correy_Berard.pdf,23
Correy Berard,6334 Pond Pass,Oakland,California,94660,cberard1r@wikispaces.com,510-502-8309,LOAN-0064,Education,67447,168617.5,25,600%,TRX-LOAN-0064-024,17-06-2024,24,25,Bank Transfer,6744.7,161872.8,6744.7,Paid,CUST-0064_Correy_Berard.pdf,24
Correy Berard,6334 Pond Pass,Oakland,California,94660,cberard1r@wikispaces.com,510-502-8309,LOAN-0064,Education,67447,168617.5,25,600%,TRX-LOAN-0064-025,17-07-2024,25,25,Bank Transfer,6744.7,168617.5,0,Paid,CUST-0064_Correy_Berard.pdf,25
Seumas Schulkins,06 Westerfield Court,Indianapolis,Indiana,46278,sschulkins1s@independent.co.uk,317-678-0567,LOAN-0065,Debt consolidation,58951,97858.64,11,600%,TRX-LOAN-0065-001,01-07-2022,1,11,Virtual Account,8896.24,8896.24,88962.4,Paid,CUST-0065_Seumas_Schulkins.pdf,1
Seumas Schulkins,06 Westerfield Court,Indianapolis,Indiana,46278,sschulkins1s@independent.co.uk,317-678-0567,LOAN-0065,Debt consolidation,58951,97858.64,11,600%,TRX-LOAN-0065-002,01-08-2022,2,11,Auto Debit,8896.24,17792.48,80066.16,Paid,CUST-0065_Seumas_Schulkins.pdf,2
Seumas Schulkins,06 Westerfield Court,Indianapolis,Indiana,46278,sschulkins1s@independent.co.uk,317-678-0567,LOAN-0065,Debt consolidation,58951,97858.64,11,600%,TRX-LOAN-0065-003,07-09-2022,3,11,Bank Transfer,8896.24,26688.72,71169.92,Late,CUST-0065_Seumas_Schulkins.pdf,3
Seumas Schulkins,06 Westerfield Court,Indianapolis,Indiana,46278,sschulkins1s@independent.co.uk,317-678-0567,LOAN-0065,Debt consolidation,58951,97858.64,11,600%,TRX-LOAN-0065-004,05-10-2022,4,11,Bank Transfer,8896.24,35584.96,62273.68,Paid,CUST-0065_Seumas_Schulkins.pdf,4
Seumas Schulkins,06 Westerfield Court,Indianapolis,Indiana,46278,sschulkins1s@independent.co.uk,317-678-0567,LOAN-0065,Debt consolidation,58951,97858.64,11,600%,TRX-LOAN-0065-005,04-11-2022,5,11,Bank Transfer,8896.24,44481.2,53377.44,Paid,CUST-0065_Seumas_Schulkins.pdf,5
Seumas Schulkins,06 Westerfield Court,Indianapolis,Indiana,46278,sschulkins1s@independent.co.uk,317-678-0567,LOAN-0065,Debt consolidation,58951,97858.64,11,600%,TRX-LOAN-0065-006,07-12-2022,6,11,Virtual Account,8896.24,53377.44,44481.2,Late,CUST-0065_Seumas_Schulkins.pdf,6
Seumas Schulkins,06 Westerfield Court,Indianapolis,Indiana,46278,sschulkins1s@independent.co.uk,317-678-0567,LOAN-0065,Debt consolidation,58951,97858.64,11,600%,TRX-LOAN-0065-007,01-01-2023,7,11,Auto Debit,8896.24,62273.68,35584.96,Paid,CUST-0065_Seumas_Schulkins.pdf,7
Seumas Schulkins,06 Westerfield Court,Indianapolis,Indiana,46278,sschulkins1s@independent.co.uk,317-678-0567,LOAN-0065,Debt consolidation,58951,97858.64,11,600%,TRX-LOAN-0065-008,03-02-2023,8,11,Virtual Account,8896.24,71169.92,26688.72,Paid,CUST-0065_Seumas_Schulkins.pdf,8
Seumas Schulkins,06 Westerfield Court,Indianapolis,Indiana,46278,sschulkins1s@independent.co.uk,317-678-0567,LOAN-0065,Debt consolidation,58951,97858.64,11,600%,TRX-LOAN-0065-009,01-03-2023,9,11,Bank Transfer,8896.24,80066.16,17792.48,Paid,CUST-0065_Seumas_Schulkins.pdf,9
Seumas Schulkins,06 Westerfield Court,Indianapolis,Indiana,46278,sschulkins1s@independent.co.uk,317-678-0567,LOAN-0065,Debt consolidation,58951,97858.64,11,600%,TRX-LOAN-0065-010,09-04-2023,10,11,Virtual Account,8896.24,88962.4,8896.24,Late,CUST-0065_Seumas_Schulkins.pdf,10
Seumas Schulkins,06 Westerfield Court,Indianapolis,Indiana,46278,sschulkins1s@independent.co.uk,317-678-0567,LOAN-0065,Debt consolidation,58951,97858.64,11,600%,TRX-LOAN-0065-011,01-05-2023,11,11,Auto Debit,8896.24,97858.64,0,Paid,CUST-0065_Seumas_Schulkins.pdf,11
Jany Kures,6 Laurel Junction,Washington,District of Columbia,20078,jkures1u@technorati.com,202-322-2876,LOAN-0067,Home improvement,83891,363247.87,37,900%,TRX-LOAN-0067-001,17-06-2022,1,37,Virtual Account,9817.51,9817.51,353430.36,Late,CUST-0067_Jany_Kures.pdf,1
Jany Kures,6 Laurel Junction,Washington,District of Columbia,20078,jkures1u@technorati.com,202-322-2876,LOAN-0067,Home improvement,83891,363247.87,37,900%,TRX-LOAN-0067-002,07-07-2022,2,37,Auto Debit,9817.51,19635.02,343612.85,Paid,CUST-0067_Jany_Kures.pdf,2
Jany Kures,6 Laurel Junction,Washington,District of Columbia,20078,jkures1u@technorati.com,202-322-2876,LOAN-0067,Home improvement,83891,363247.87,37,900%,TRX-LOAN-0067-003,09-08-2022,3,37,Bank Transfer,9817.51,29452.53,333795.34,Paid,CUST-0067_Jany_Kures.pdf,3
Jany Kures,6 Laurel Junction,Washington,District of Columbia,20078,jkures1u@technorati.com,202-322-2876,LOAN-0067,Home improvement,83891,363247.87,37,900%,TRX-LOAN-0067-004,09-09-2022,4,37,Virtual Account,9817.51,39270.04,323977.83,Paid,CUST-0067_Jany_Kures.pdf,4
Jany Kures,6 Laurel Junction,Washington,District of Columbia,20078,jkures1u@technorati.com,202-322-2876,LOAN-0067,Home improvement,83891,363247.87,37,900%,TRX-LOAN-0067-005,06-10-2022,5,37,Bank Transfer,9817.51,49087.55,314160.32,Paid,CUST-0067_Jany_Kures.pdf,5
Jany Kures,6 Laurel Junction,Washington,District of Columbia,20078,jkures1u@technorati.com,202-322-2876,LOAN-0067,Home improvement,83891,363247.87,37,900%,TRX-LOAN-0067-006,05-11-2022,6,37,Auto Debit,9817.51,58905.06,304342.81,Paid,CUST-0067_Jany_Kures.pdf,6
Jany Kures,6 Laurel Junction,Washington,District of Columbia,20078,jkures1u@technorati.com,202-322-2876,LOAN-0067,Home improvement,83891,363247.87,37,900%,TRX-LOAN-0067-007,05-12-2022,7,37,Virtual Account,9817.51,68722.57,294525.3,Paid,CUST-0067_Jany_Kures.pdf,7
Jany Kures,6 Laurel Junction,Washington,District of Columbia,20078,jkures1u@technorati.com,202-322-2876,LOAN-0067,Home improvement,83891,363247.87,37,900%,TRX-LOAN-0067-008,09-01-2023,8,37,Virtual Account,9817.51,78540.08,284707.79,Paid,CUST-0067_Jany_Kures.pdf,8
Jany Kures,6 Laurel Junction,Washington,District of Columbia,20078,jkures1u@technorati.com,202-322-2876,LOAN-0067,Home improvement,83891,363247.87,37,900%,TRX-LOAN-0067-009,08-02-2023,9,37,Bank Transfer,9817.51,88357.59,274890.28,Paid,CUST-0067_Jany_Kures.pdf,9
Jany Kures,6 Laurel Junction,Washington,District of Columbia,20078,jkures1u@technorati.com,202-322-2876,LOAN-0067,Home improvement,83891,363247.87,37,900%,TRX-LOAN-0067-010,07-03-2023,10,37,Virtual Account,9817.51,98175.1,265072.77,Paid,CUST-0067_Jany_Kures.pdf,10
Jany Kures,6 Laurel Junction,Washington,District of Columbia,20078,jkures1u@technorati.com,202-322-2876,LOAN-0067,Home improvement,83891,363247.87,37,900%,TRX-LOAN-0067-011,06-04-2023,11,37,Bank Transfer,9817.51,107992.61,255255.26,Paid,CUST-0067_Jany_Kures.pdf,11
Jany Kures,6 Laurel Junction,Washington,District of Columbia,20078,jkures1u@technorati.com,202-322-2876,LOAN-0067,Home improvement,83891,363247.87,37,900%,TRX-LOAN-0067-012,06-05-2023,12,37,Auto Debit,9817.51,117810.12,245437.75,Paid,CUST-0067_Jany_Kures.pdf,12
Jany Kures,6 Laurel Junction,Washington,District of Columbia,20078,jkures1u@technorati.com,202-322-2876,LOAN-0067,Home improvement,83891,363247.87,37,900%,TRX-LOAN-0067-013,09-06-2023,13,37,Bank Transfer,9817.51,127627.63,235620.24,Paid,CUST-0067_Jany_Kures.pdf,13
Jany Kures,6 Laurel Junction,Washington,District of Columbia,20078,jkures1u@technorati.com,202-322-2876,LOAN-0067,Home improvement,83891,363247.87,37,900%,TRX-LOAN-0067-014,08-07-2023,14,37,Virtual Account,9817.51,137445.14,225802.73,Paid,CUST-0067_Jany_Kures.pdf,14
Jany Kures,6 Laurel Junction,Washington,District of Columbia,20078,jkures1u@technorati.com,202-322-2876,LOAN-0067,Home improvement,83891,363247.87,37,900%,TRX-LOAN-0067-015,09-08-2023,15,37,Auto Debit,9817.51,147262.65,215985.22,Paid,CUST-0067_Jany_Kures.pdf,15
Jany Kures,6 Laurel Junction,Washington,District of Columbia,20078,jkures1u@technorati.com,202-322-2876,LOAN-0067,Home improvement,83891,363247.87,37,900%,TRX-LOAN-0067-016,07-09-2023,16,37,Bank Transfer,9817.51,157080.16,206167.71,Paid,CUST-0067_Jany_Kures.pdf,16
Jany Kures,6 Laurel Junction,Washington,District of Columbia,20078,jkures1u@technorati.com,202-322-2876,LOAN-0067,Home improvement,83891,363247.87,37,900%,TRX-LOAN-0067-017,08-10-2023,17,37,Auto Debit,9817.51,166897.67,196350.2,Paid,CUST-0067_Jany_Kures.pdf,17
Jany Kures,6 Laurel Junction,Washington,District of Columbia,20078,jkures1u@technorati.com,202-322-2876,LOAN-0067,Home improvement,83891,363247.87,37,900%,TRX-LOAN-0067-018,07-11-2023,18,37,Auto Debit,9817.51,176715.18,186532.69,Paid,CUST-0067_Jany_Kures.pdf,18
Jany Kures,6 Laurel Junction,Washington,District of Columbia,20078,jkures1u@technorati.com,202-322-2876,LOAN-0067,Home improvement,83891,363247.87,37,900%,TRX-LOAN-0067-019,06-12-2023,19,37,Virtual Account,9817.51,186532.69,176715.18,Paid,CUST-0067_Jany_Kures.pdf,19
Jany Kures,6 Laurel Junction,Washington,District of Columbia,20078,jkures1u@technorati.com,202-322-2876,LOAN-0067,Home improvement,83891,363247.87,37,900%,TRX-LOAN-0067-020,13-01-2024,20,37,Bank Transfer,9817.51,196350.2,166897.67,Late,CUST-0067_Jany_Kures.pdf,20
Jany Kures,6 Laurel Junction,Washington,District of Columbia,20078,jkures1u@technorati.com,202-322-2876,LOAN-0067,Home improvement,83891,363247.87,37,900%,TRX-LOAN-0067-021,06-02-2024,21,37,Virtual Account,9817.51,206167.71,157080.16,Paid,CUST-0067_Jany_Kures.pdf,21
Jany Kures,6 Laurel Junction,Washington,District of Columbia,20078,jkures1u@technorati.com,202-322-2876,LOAN-0067,Home improvement,83891,363247.87,37,900%,TRX-LOAN-0067-022,16-03-2024,22,37,Bank Transfer,9817.51,215985.22,147262.65,Late,CUST-0067_Jany_Kures.pdf,22
Jany Kures,6 Laurel Junction,Washington,District of Columbia,20078,jkures1u@technorati.com,202-322-2876,LOAN-0067,Home improvement,83891,363247.87,37,900%,TRX-LOAN-0067-023,06-04-2024,23,37,Bank Transfer,9817.51,225802.73,137445.14,Paid,CUST-0067_Jany_Kures.pdf,23
Jany Kures,6 Laurel Junction,Washington,District of Columbia,20078,jkures1u@technorati.com,202-322-2876,LOAN-0067,Home improvement,83891,363247.87,37,900%,TRX-LOAN-0067-024,05-05-2024,24,37,Virtual Account,9817.51,235620.24,127627.63,Paid,CUST-0067_Jany_Kures.pdf,24
Jany Kures,6 Laurel Junction,Washington,District of Columbia,20078,jkures1u@technorati.com,202-322-2876,LOAN-0067,Home improvement,83891,363247.87,37,900%,TRX-LOAN-0067-025,06-06-2024,25,37,Virtual Account,9817.51,245437.75,117810.12,Paid,CUST-0067_Jany_Kures.pdf,25
Jany Kures,6 Laurel Junction,Washington,District of Columbia,20078,jkures1u@technorati.com,202-322-2876,LOAN-0067,Home improvement,83891,363247.87,37,900%,TRX-LOAN-0067-026,07-07-2024,26,37,Virtual Account,9817.51,255255.26,107992.61,Paid,CUST-0067_Jany_Kures.pdf,26
Jany Kures,6 Laurel Junction,Washington,District of Columbia,20078,jkures1u@technorati.com,202-322-2876,LOAN-0067,Home improvement,83891,363247.87,37,900%,TRX-LOAN-0067-027,06-08-2024,27,37,Virtual Account,9817.51,265072.77,98175.1,Paid,CUST-0067_Jany_Kures.pdf,27
Jany Kures,6 Laurel Junction,Washington,District of Columbia,20078,jkures1u@technorati.com,202-322-2876,LOAN-0067,Home improvement,83891,363247.87,37,900%,TRX-LOAN-0067-028,06-09-2024,28,37,Bank Transfer,9817.51,274890.28,88357.59,Paid,CUST-0067_Jany_Kures.pdf,28
Jany Kures,6 Laurel Junction,Washington,District of Columbia,20078,jkures1u@technorati.com,202-322-2876,LOAN-0067,Home improvement,83891,363247.87,37,900%,TRX-LOAN-0067-029,09-10-2024,29,37,Auto Debit,9817.51,284707.79,78540.08,Paid,CUST-0067_Jany_Kures.pdf,29
Jany Kures,6 Laurel Junction,Washington,District of Columbia,20078,jkures1u@technorati.com,202-322-2876,LOAN-0067,Home improvement,83891,363247.87,37,900%,TRX-LOAN-0067-030,05-11-2024,30,37,Virtual Account,9817.51,294525.3,68722.57,Paid,CUST-0067_Jany_Kures.pdf,30
Jany Kures,6 Laurel Junction,Washington,District of Columbia,20078,jkures1u@technorati.com,202-322-2876,LOAN-0067,Home improvement,83891,363247.87,37,900%,TRX-LOAN-0067-031,09-12-2024,31,37,Virtual Account,9817.51,304342.81,58905.06,Paid,CUST-0067_Jany_Kures.pdf,31
Jany Kures,6 Laurel Junction,Washington,District of Columbia,20078,jkures1u@technorati.com,202-322-2876,LOAN-0067,Home improvement,83891,363247.87,37,900%,TRX-LOAN-0067-032,06-01-2025,32,37,Auto Debit,9817.51,314160.32,49087.55,Paid,CUST-0067_Jany_Kures.pdf,32
Jany Kures,6 Laurel Junction,Washington,District of Columbia,20078,jkures1u@technorati.com,202-322-2876,LOAN-0067,Home improvement,83891,363247.87,37,900%,TRX-LOAN-0067-033,07-02-2025,33,37,Auto Debit,9817.51,323977.83,39270.04,Paid,CUST-0067_Jany_Kures.pdf,33
Jany Kures,6 Laurel Junction,Washington,District of Columbia,20078,jkures1u@technorati.com,202-322-2876,LOAN-0067,Home improvement,83891,363247.87,37,900%,TRX-LOAN-0067-034,09-03-2025,34,37,Bank Transfer,9817.51,333795.34,29452.53,Paid,CUST-0067_Jany_Kures.pdf,34
Jany Kures,6 Laurel Junction,Washington,District of Columbia,20078,jkures1u@technorati.com,202-322-2876,LOAN-0067,Home improvement,83891,363247.87,37,900%,TRX-LOAN-0067-035,09-04-2025,35,37,Virtual Account,9817.51,343612.85,19635.02,Paid,CUST-0067_Jany_Kures.pdf,35
Jany Kures,6 Laurel Junction,Washington,District of Columbia,20078,jkures1u@technorati.com,202-322-2876,LOAN-0067,Home improvement,83891,363247.87,37,900%,TRX-LOAN-0067-036,12-05-2025,36,37,Bank Transfer,9817.51,353430.36,9817.51,Late,CUST-0067_Jany_Kures.pdf,36
Jany Kures,6 Laurel Junction,Washington,District of Columbia,20078,jkures1u@technorati.com,202-322-2876,LOAN-0067,Home improvement,83891,363247.87,37,900%,TRX-LOAN-0067-037,17-06-2025,37,37,Bank Transfer,9817.51,363247.87,0,Late,CUST-0067_Jany_Kures.pdf,37
Merv Ubsdell,68 Montana Lane,Richmond,Virginia,23228,mubsdell1v@plala.or.jp,804-998-3002,LOAN-0068,Home improvement,17505,58466.72,26,900%,TRX-LOAN-0068-001,11-07-2022,1,26,Auto Debit,2248.72,2248.72,56218,Paid,CUST-0068_Merv_Ubsdell.pdf,1
Merv Ubsdell,68 Montana Lane,Richmond,Virginia,23228,mubsdell1v@plala.or.jp,804-998-3002,LOAN-0068,Home improvement,17505,58466.72,26,900%,TRX-LOAN-0068-002,24-08-2022,2,26,Auto Debit,2248.72,4497.44,53969.28,Late,CUST-0068_Merv_Ubsdell.pdf,2
Merv Ubsdell,68 Montana Lane,Richmond,Virginia,23228,mubsdell1v@plala.or.jp,804-998-3002,LOAN-0068,Home improvement,17505,58466.72,26,900%,TRX-LOAN-0068-003,09-09-2022,3,26,Auto Debit,2248.72,6746.16,51720.56,Paid,CUST-0068_Merv_Ubsdell.pdf,3
Merv Ubsdell,68 Montana Lane,Richmond,Virginia,23228,mubsdell1v@plala.or.jp,804-998-3002,LOAN-0068,Home improvement,17505,58466.72,26,900%,TRX-LOAN-0068-004,19-10-2022,4,26,Bank Transfer,2248.72,8994.88,49471.84,Late,CUST-0068_Merv_Ubsdell.pdf,4
Merv Ubsdell,68 Montana Lane,Richmond,Virginia,23228,mubsdell1v@plala.or.jp,804-998-3002,LOAN-0068,Home improvement,17505,58466.72,26,900%,TRX-LOAN-0068-005,09-11-2022,5,26,Auto Debit,2248.72,11243.6,47223.12,Paid,CUST-0068_Merv_Ubsdell.pdf,5
Merv Ubsdell,68 Montana Lane,Richmond,Virginia,23228,mubsdell1v@plala.or.jp,804-998-3002,LOAN-0068,Home improvement,17505,58466.72,26,900%,TRX-LOAN-0068-006,11-12-2022,6,26,Auto Debit,2248.72,13492.32,44974.4,Paid,CUST-0068_Merv_Ubsdell.pdf,6
Merv Ubsdell,68 Montana Lane,Richmond,Virginia,23228,mubsdell1v@plala.or.jp,804-998-3002,LOAN-0068,Home improvement,17505,58466.72,26,900%,TRX-LOAN-0068-007,10-01-2023,7,26,Bank Transfer,2248.72,15741.04,42725.68,Paid,CUST-0068_Merv_Ubsdell.pdf,7
Merv Ubsdell,68 Montana Lane,Richmond,Virginia,23228,mubsdell1v@plala.or.jp,804-998-3002,LOAN-0068,Home improvement,17505,58466.72,26,900%,TRX-LOAN-0068-008,11-02-2023,8,26,Virtual Account,2248.72,17989.76,40476.96,Paid,CUST-0068_Merv_Ubsdell.pdf,8
Merv Ubsdell,68 Montana Lane,Richmond,Virginia,23228,mubsdell1v@plala.or.jp,804-998-3002,LOAN-0068,Home improvement,17505,58466.72,26,900%,TRX-LOAN-0068-009,09-03-2023,9,26,Auto Debit,2248.72,20238.48,38228.24,Paid,CUST-0068_Merv_Ubsdell.pdf,9
Merv Ubsdell,68 Montana Lane,Richmond,Virginia,23228,mubsdell1v@plala.or.jp,804-998-3002,LOAN-0068,Home improvement,17505,58466.72,26,900%,TRX-LOAN-0068-010,27-04-2023,10,26,Virtual Account,2248.72,22487.2,35979.52,Late,CUST-0068_Merv_Ubsdell.pdf,10
Merv Ubsdell,68 Montana Lane,Richmond,Virginia,23228,mubsdell1v@plala.or.jp,804-998-3002,LOAN-0068,Home improvement,17505,58466.72,26,900%,TRX-LOAN-0068-011,13-05-2023,11,26,Bank Transfer,2248.72,24735.92,33730.8,Paid,CUST-0068_Merv_Ubsdell.pdf,11
Merv Ubsdell,68 Montana Lane,Richmond,Virginia,23228,mubsdell1v@plala.or.jp,804-998-3002,LOAN-0068,Home improvement,17505,58466.72,26,900%,TRX-LOAN-0068-012,10-06-2023,12,26,Auto Debit,2248.72,26984.64,31482.08,Paid,CUST-0068_Merv_Ubsdell.pdf,12
Merv Ubsdell,68 Montana Lane,Richmond,Virginia,23228,mubsdell1v@plala.or.jp,804-998-3002,LOAN-0068,Home improvement,17505,58466.72,26,900%,TRX-LOAN-0068-013,11-07-2023,13,26,Virtual Account,2248.72,29233.36,29233.36,Paid,CUST-0068_Merv_Ubsdell.pdf,13
Merv Ubsdell,68 Montana Lane,Richmond,Virginia,23228,mubsdell1v@plala.or.jp,804-998-3002,LOAN-0068,Home improvement,17505,58466.72,26,900%,TRX-LOAN-0068-014,11-08-2023,14,26,Auto Debit,2248.72,31482.08,26984.64,Paid,CUST-0068_Merv_Ubsdell.pdf,14
Merv Ubsdell,68 Montana Lane,Richmond,Virginia,23228,mubsdell1v@plala.or.jp,804-998-3002,LOAN-0068,Home improvement,17505,58466.72,26,900%,TRX-LOAN-0068-015,13-09-2023,15,26,Virtual Account,2248.72,33730.8,24735.92,Paid,CUST-0068_Merv_Ubsdell.pdf,15
Merv Ubsdell,68 Montana Lane,Richmond,Virginia,23228,mubsdell1v@plala.or.jp,804-998-3002,LOAN-0068,Home improvement,17505,58466.72,26,900%,TRX-LOAN-0068-016,12-10-2023,16,26,Virtual Account,2248.72,35979.52,22487.2,Paid,CUST-0068_Merv_Ubsdell.pdf,16
Merv Ubsdell,68 Montana Lane,Richmond,Virginia,23228,mubsdell1v@plala.or.jp,804-998-3002,LOAN-0068,Home improvement,17505,58466.72,26,900%,TRX-LOAN-0068-017,12-11-2023,17,26,Virtual Account,2248.72,38228.24,20238.48,Paid,CUST-0068_Merv_Ubsdell.pdf,17
Merv Ubsdell,68 Montana Lane,Richmond,Virginia,23228,mubsdell1v@plala.or.jp,804-998-3002,LOAN-0068,Home improvement,17505,58466.72,26,900%,TRX-LOAN-0068-018,12-12-2023,18,26,Auto Debit,2248.72,40476.96,17989.76,Paid,CUST-0068_Merv_Ubsdell.pdf,18
Merv Ubsdell,68 Montana Lane,Richmond,Virginia,23228,mubsdell1v@plala.or.jp,804-998-3002,LOAN-0068,Home improvement,17505,58466.72,26,900%,TRX-LOAN-0068-019,12-01-2024,19,26,Virtual Account,2248.72,42725.68,15741.04,Paid,CUST-0068_Merv_Ubsdell.pdf,19
Merv Ubsdell,68 Montana Lane,Richmond,Virginia,23228,mubsdell1v@plala.or.jp,804-998-3002,LOAN-0068,Home improvement,17505,58466.72,26,900%,TRX-LOAN-0068-020,13-02-2024,20,26,Auto Debit,2248.72,44974.4,13492.32,Paid,CUST-0068_Merv_Ubsdell.pdf,20
Merv Ubsdell,68 Montana Lane,Richmond,Virginia,23228,mubsdell1v@plala.or.jp,804-998-3002,LOAN-0068,Home improvement,17505,58466.72,26,900%,TRX-LOAN-0068-021,13-03-2024,21,26,Auto Debit,2248.72,47223.12,11243.6,Paid,CUST-0068_Merv_Ubsdell.pdf,21
Merv Ubsdell,68 Montana Lane,Richmond,Virginia,23228,mubsdell1v@plala.or.jp,804-998-3002,LOAN-0068,Home improvement,17505,58466.72,26,900%,TRX-LOAN-0068-022,10-04-2024,22,26,Auto Debit,2248.72,49471.84,8994.88,Paid,CUST-0068_Merv_Ubsdell.pdf,22
Merv Ubsdell,68 Montana Lane,Richmond,Virginia,23228,mubsdell1v@plala.or.jp,804-998-3002,LOAN-0068,Home improvement,17505,58466.72,26,900%,TRX-LOAN-0068-023,12-05-2024,23,26,Bank Transfer,2248.72,51720.56,6746.16,Paid,CUST-0068_Merv_Ubsdell.pdf,23
Merv Ubsdell,68 Montana Lane,Richmond,Virginia,23228,mubsdell1v@plala.or.jp,804-998-3002,LOAN-0068,Home improvement,17505,58466.72,26,900%,TRX-LOAN-0068-024,11-06-2024,24,26,Virtual Account,2248.72,53969.28,4497.44,Paid,CUST-0068_Merv_Ubsdell.pdf,24
Merv Ubsdell,68 Montana Lane,Richmond,Virginia,23228,mubsdell1v@plala.or.jp,804-998-3002,LOAN-0068,Home improvement,17505,58466.72,26,900%,TRX-LOAN-0068-025,09-07-2024,25,26,Virtual Account,2248.72,56218,2248.72,Paid,CUST-0068_Merv_Ubsdell.pdf,25
Merv Ubsdell,68 Montana Lane,Richmond,Virginia,23228,mubsdell1v@plala.or.jp,804-998-3002,LOAN-0068,Home improvement,17505,58466.72,26,900%,TRX-LOAN-0068-026,24-08-2024,26,26,Bank Transfer,2248.72,58466.72,0,Late,CUST-0068_Merv_Ubsdell.pdf,26
Claudianus Westmorland,421 Glendale Drive,Denver,Colorado,80223,cwestmorland1y@yelp.com,303-656-1989,LOAN-0071,Debt consolidation,93256,421516.92,44,800%,TRX-LOAN-0071-001,24-11-2022,1,44,Virtual Account,9579.93,9579.93,411936.99,Paid,CUST-0071_Claudianus_Westmorland.pdf,1
Claudianus Westmorland,421 Glendale Drive,Denver,Colorado,80223,cwestmorland1y@yelp.com,303-656-1989,LOAN-0071,Debt consolidation,93256,421516.92,44,800%,TRX-LOAN-0071-002,23-12-2022,2,44,Virtual Account,9579.93,19159.86,402357.06,Paid,CUST-0071_Claudianus_Westmorland.pdf,2
Claudianus Westmorland,421 Glendale Drive,Denver,Colorado,80223,cwestmorland1y@yelp.com,303-656-1989,LOAN-0071,Debt consolidation,93256,421516.92,44,800%,TRX-LOAN-0071-003,25-01-2023,3,44,Virtual Account,9579.93,28739.79,392777.13,Paid,CUST-0071_Claudianus_Westmorland.pdf,3
Claudianus Westmorland,421 Glendale Drive,Denver,Colorado,80223,cwestmorland1y@yelp.com,303-656-1989,LOAN-0071,Debt consolidation,93256,421516.92,44,800%,TRX-LOAN-0071-004,25-02-2023,4,44,Auto Debit,9579.93,38319.72,383197.2,Paid,CUST-0071_Claudianus_Westmorland.pdf,4
Claudianus Westmorland,421 Glendale Drive,Denver,Colorado,80223,cwestmorland1y@yelp.com,303-656-1989,LOAN-0071,Debt consolidation,93256,421516.92,44,800%,TRX-LOAN-0071-005,27-03-2023,5,44,Auto Debit,9579.93,47899.65,373617.27,Late,CUST-0071_Claudianus_Westmorland.pdf,5
Claudianus Westmorland,421 Glendale Drive,Denver,Colorado,80223,cwestmorland1y@yelp.com,303-656-1989,LOAN-0071,Debt consolidation,93256,421516.92,44,800%,TRX-LOAN-0071-006,24-04-2023,6,44,Auto Debit,9579.93,57479.58,364037.34,Paid,CUST-0071_Claudianus_Westmorland.pdf,6
Claudianus Westmorland,421 Glendale Drive,Denver,Colorado,80223,cwestmorland1y@yelp.com,303-656-1989,LOAN-0071,Debt consolidation,93256,421516.92,44,800%,TRX-LOAN-0071-007,25-05-2023,7,44,Virtual Account,9579.93,67059.51,354457.41,Paid,CUST-0071_Claudianus_Westmorland.pdf,7
Claudianus Westmorland,421 Glendale Drive,Denver,Colorado,80223,cwestmorland1y@yelp.com,303-656-1989,LOAN-0071,Debt consolidation,93256,421516.92,44,800%,TRX-LOAN-0071-008,22-06-2023,8,44,Bank Transfer,9579.93,76639.44,344877.48,Paid,CUST-0071_Claudianus_Westmorland.pdf,8
Claudianus Westmorland,421 Glendale Drive,Denver,Colorado,80223,cwestmorland1y@yelp.com,303-656-1989,LOAN-0071,Debt consolidation,93256,421516.92,44,800%,TRX-LOAN-0071-009,24-07-2023,9,44,Auto Debit,9579.93,86219.37,335297.55,Paid,CUST-0071_Claudianus_Westmorland.pdf,9
Claudianus Westmorland,421 Glendale Drive,Denver,Colorado,80223,cwestmorland1y@yelp.com,303-656-1989,LOAN-0071,Debt consolidation,93256,421516.92,44,800%,TRX-LOAN-0071-010,24-08-2023,10,44,Auto Debit,9579.93,95799.3,325717.62,Paid,CUST-0071_Claudianus_Westmorland.pdf,10
Claudianus Westmorland,421 Glendale Drive,Denver,Colorado,80223,cwestmorland1y@yelp.com,303-656-1989,LOAN-0071,Debt consolidation,93256,421516.92,44,800%,TRX-LOAN-0071-011,22-09-2023,11,44,Bank Transfer,9579.93,105379.23,316137.69,Paid,CUST-0071_Claudianus_Westmorland.pdf,11
Claudianus Westmorland,421 Glendale Drive,Denver,Colorado,80223,cwestmorland1y@yelp.com,303-656-1989,LOAN-0071,Debt consolidation,93256,421516.92,44,800%,TRX-LOAN-0071-012,25-10-2023,12,44,Auto Debit,9579.93,114959.16,306557.76,Paid,CUST-0071_Claudianus_Westmorland.pdf,12
Claudianus Westmorland,421 Glendale Drive,Denver,Colorado,80223,cwestmorland1y@yelp.com,303-656-1989,LOAN-0071,Debt consolidation,93256,421516.92,44,800%,TRX-LOAN-0071-013,24-11-2023,13,44,Auto Debit,9579.93,124539.09,296977.83,Paid,CUST-0071_Claudianus_Westmorland.pdf,13
Claudianus Westmorland,421 Glendale Drive,Denver,Colorado,80223,cwestmorland1y@yelp.com,303-656-1989,LOAN-0071,Debt consolidation,93256,421516.92,44,800%,TRX-LOAN-0071-014,21-12-2023,14,44,Auto Debit,9579.93,134119.02,287397.9,Paid,CUST-0071_Claudianus_Westmorland.pdf,14
Claudianus Westmorland,421 Glendale Drive,Denver,Colorado,80223,cwestmorland1y@yelp.com,303-656-1989,LOAN-0071,Debt consolidation,93256,421516.92,44,800%,TRX-LOAN-0071-015,24-01-2024,15,44,Bank Transfer,9579.93,143698.95,277817.97,Paid,CUST-0071_Claudianus_Westmorland.pdf,15
Claudianus Westmorland,421 Glendale Drive,Denver,Colorado,80223,cwestmorland1y@yelp.com,303-656-1989,LOAN-0071,Debt consolidation,93256,421516.92,44,800%,TRX-LOAN-0071-016,03-03-2024,16,44,Auto Debit,9579.93,153278.88,268238.04,Late,CUST-0071_Claudianus_Westmorland.pdf,16
Claudianus Westmorland,421 Glendale Drive,Denver,Colorado,80223,cwestmorland1y@yelp.com,303-656-1989,LOAN-0071,Debt consolidation,93256,421516.92,44,800%,TRX-LOAN-0071-017,21-03-2024,17,44,Virtual Account,9579.93,162858.81,258658.11,Paid,CUST-0071_Claudianus_Westmorland.pdf,17
Claudianus Westmorland,421 Glendale Drive,Denver,Colorado,80223,cwestmorland1y@yelp.com,303-656-1989,LOAN-0071,Debt consolidation,93256,421516.92,44,800%,TRX-LOAN-0071-018,25-04-2024,18,44,Virtual Account,9579.93,172438.74,249078.18,Paid,CUST-0071_Claudianus_Westmorland.pdf,18
Claudianus Westmorland,421 Glendale Drive,Denver,Colorado,80223,cwestmorland1y@yelp.com,303-656-1989,LOAN-0071,Debt consolidation,93256,421516.92,44,800%,TRX-LOAN-0071-019,25-05-2024,19,44,Bank Transfer,9579.93,182018.67,239498.25,Paid,CUST-0071_Claudianus_Westmorland.pdf,19
Claudianus Westmorland,421 Glendale Drive,Denver,Colorado,80223,cwestmorland1y@yelp.com,303-656-1989,LOAN-0071,Debt consolidation,93256,421516.92,44,800%,TRX-LOAN-0071-020,23-06-2024,20,44,Bank Transfer,9579.93,191598.6,229918.32,Paid,CUST-0071_Claudianus_Westmorland.pdf,20
Claudianus Westmorland,421 Glendale Drive,Denver,Colorado,80223,cwestmorland1y@yelp.com,303-656-1989,LOAN-0071,Debt consolidation,93256,421516.92,44,800%,TRX-LOAN-0071-021,24-07-2024,21,44,Virtual Account,9579.93,201178.53,220338.39,Paid,CUST-0071_Claudianus_Westmorland.pdf,21
Claudianus Westmorland,421 Glendale Drive,Denver,Colorado,80223,cwestmorland1y@yelp.com,303-656-1989,LOAN-0071,Debt consolidation,93256,421516.92,44,800%,TRX-LOAN-0071-022,03-09-2024,22,44,Auto Debit,9579.93,210758.46,210758.46,Late,CUST-0071_Claudianus_Westmorland.pdf,22
Claudianus Westmorland,421 Glendale Drive,Denver,Colorado,80223,cwestmorland1y@yelp.com,303-656-1989,LOAN-0071,Debt consolidation,93256,421516.92,44,800%,TRX-LOAN-0071-023,21-09-2024,23,44,Auto Debit,9579.93,220338.39,201178.53,Paid,CUST-0071_Claudianus_Westmorland.pdf,23
Claudianus Westmorland,421 Glendale Drive,Denver,Colorado,80223,cwestmorland1y@yelp.com,303-656-1989,LOAN-0071,Debt consolidation,93256,421516.92,44,800%,TRX-LOAN-0071-024,28-10-2024,24,44,Virtual Account,9579.93,229918.32,191598.6,Late,CUST-0071_Claudianus_Westmorland.pdf,24
Claudianus Westmorland,421 Glendale Drive,Denver,Colorado,80223,cwestmorland1y@yelp.com,303-656-1989,LOAN-0071,Debt consolidation,93256,421516.92,44,800%,TRX-LOAN-0071-025,22-11-2024,25,44,Auto Debit,9579.93,239498.25,182018.67,Paid,CUST-0071_Claudianus_Westmorland.pdf,25
Claudianus Westmorland,421 Glendale Drive,Denver,Colorado,80223,cwestmorland1y@yelp.com,303-656-1989,LOAN-0071,Debt consolidation,93256,421516.92,44,800%,TRX-LOAN-0071-026,23-12-2024,26,44,Virtual Account,9579.93,249078.18,172438.74,Paid,CUST-0071_Claudianus_Westmorland.pdf,26
Claudianus Westmorland,421 Glendale Drive,Denver,Colorado,80223,cwestmorland1y@yelp.com,303-656-1989,LOAN-0071,Debt consolidation,93256,421516.92,44,800%,TRX-LOAN-0071-027,21-01-2025,27,44,Bank Transfer,9579.93,258658.11,162858.81,Paid,CUST-0071_Claudianus_Westmorland.pdf,27
Claudianus Westmorland,421 Glendale Drive,Denver,Colorado,80223,cwestmorland1y@yelp.com,303-656-1989,LOAN-0071,Debt consolidation,93256,421516.92,44,800%,TRX-LOAN-0071-028,08-03-2025,28,44,Bank Transfer,9579.93,268238.04,153278.88,Late,CUST-0071_Claudianus_Westmorland.pdf,28
Claudianus Westmorland,421 Glendale Drive,Denver,Colorado,80223,cwestmorland1y@yelp.com,303-656-1989,LOAN-0071,Debt consolidation,93256,421516.92,44,800%,TRX-LOAN-0071-029,21-03-2025,29,44,Virtual Account,9579.93,277817.97,143698.95,Paid,CUST-0071_Claudianus_Westmorland.pdf,29
Claudianus Westmorland,421 Glendale Drive,Denver,Colorado,80223,cwestmorland1y@yelp.com,303-656-1989,LOAN-0071,Debt consolidation,93256,421516.92,44,800%,TRX-LOAN-0071-030,24-04-2025,30,44,Bank Transfer,9579.93,287397.9,134119.02,Paid,CUST-0071_Claudianus_Westmorland.pdf,30
Claudianus Westmorland,421 Glendale Drive,Denver,Colorado,80223,cwestmorland1y@yelp.com,303-656-1989,LOAN-0071,Debt consolidation,93256,421516.92,44,800%,TRX-LOAN-0071-031,25-05-2025,31,44,Virtual Account,9579.93,296977.83,124539.09,Paid,CUST-0071_Claudianus_Westmorland.pdf,31
Claudianus Westmorland,421 Glendale Drive,Denver,Colorado,80223,cwestmorland1y@yelp.com,303-656-1989,LOAN-0071,Debt consolidation,93256,421516.92,44,800%,TRX-LOAN-0071-032,25-06-2025,32,44,Auto Debit,9579.93,306557.76,114959.16,Paid,CUST-0071_Claudianus_Westmorland.pdf,32
Claudianus Westmorland,421 Glendale Drive,Denver,Colorado,80223,cwestmorland1y@yelp.com,303-656-1989,LOAN-0071,Debt consolidation,93256,421516.92,44,800%,TRX-LOAN-0071-033,25-07-2025,33,44,Bank Transfer,9579.93,316137.69,105379.23,Paid,CUST-0071_Claudianus_Westmorland.pdf,33
Claudianus Westmorland,421 Glendale Drive,Denver,Colorado,80223,cwestmorland1y@yelp.com,303-656-1989,LOAN-0071,Debt consolidation,93256,421516.92,44,800%,TRX-LOAN-0071-034,22-08-2025,34,44,Auto Debit,9579.93,325717.62,95799.3,Paid,CUST-0071_Claudianus_Westmorland.pdf,34
Claudianus Westmorland,421 Glendale Drive,Denver,Colorado,80223,cwestmorland1y@yelp.com,303-656-1989,LOAN-0071,Debt consolidation,93256,421516.92,44,800%,TRX-LOAN-0071-035,21-09-2025,35,44,Virtual Account,9579.93,335297.55,86219.37,Paid,CUST-0071_Claudianus_Westmorland.pdf,35
Claudianus Westmorland,421 Glendale Drive,Denver,Colorado,80223,cwestmorland1y@yelp.com,303-656-1989,LOAN-0071,Debt consolidation,93256,421516.92,44,800%,TRX-LOAN-0071-036,24-10-2025,36,44,Auto Debit,9579.93,344877.48,76639.44,Paid,CUST-0071_Claudianus_Westmorland.pdf,36
Claudianus Westmorland,421 Glendale Drive,Denver,Colorado,80223,cwestmorland1y@yelp.com,303-656-1989,LOAN-0071,Debt consolidation,93256,421516.92,44,800%,TRX-LOAN-0071-037,24-11-2025,37,44,Bank Transfer,9579.93,354457.41,67059.51,Paid,CUST-0071_Claudianus_Westmorland.pdf,37
Claudianus Westmorland,421 Glendale Drive,Denver,Colorado,80223,cwestmorland1y@yelp.com,303-656-1989,LOAN-0071,Debt consolidation,93256,421516.92,44,800%,TRX-LOAN-0071-038,24-12-2025,38,44,Bank Transfer,9579.93,364037.34,57479.58,Paid,CUST-0071_Claudianus_Westmorland.pdf,38
Claudianus Westmorland,421 Glendale Drive,Denver,Colorado,80223,cwestmorland1y@yelp.com,303-656-1989,LOAN-0071,Debt consolidation,93256,421516.92,44,800%,TRX-LOAN-0071-039,25-01-2026,39,44,Auto Debit,9579.93,373617.27,47899.65,Paid,CUST-0071_Claudianus_Westmorland.pdf,39
Claudianus Westmorland,421 Glendale Drive,Denver,Colorado,80223,cwestmorland1y@yelp.com,303-656-1989,LOAN-0071,Debt consolidation,93256,421516.92,44,800%,TRX-LOAN-0071-040,25-02-2026,40,44,Auto Debit,9579.93,383197.2,38319.72,Paid,CUST-0071_Claudianus_Westmorland.pdf,40
Claudianus Westmorland,421 Glendale Drive,Denver,Colorado,80223,cwestmorland1y@yelp.com,303-656-1989,LOAN-0071,Debt consolidation,93256,421516.92,44,800%,TRX-LOAN-0071-041,22-03-2026,41,44,Auto Debit,9579.93,392777.13,28739.79,Paid,CUST-0071_Claudianus_Westmorland.pdf,41
Claudianus Westmorland,421 Glendale Drive,Denver,Colorado,80223,cwestmorland1y@yelp.com,303-656-1989,LOAN-0071,Debt consolidation,93256,421516.92,44,800%,TRX-LOAN-0071-042,24-04-2026,42,44,Bank Transfer,9579.93,402357.06,19159.86,Paid,CUST-0071_Claudianus_Westmorland.pdf,42
Claudianus Westmorland,421 Glendale Drive,Denver,Colorado,80223,cwestmorland1y@yelp.com,303-656-1989,LOAN-0071,Debt consolidation,93256,421516.92,44,800%,TRX-LOAN-0071-043,25-05-2026,43,44,Virtual Account,9579.93,411936.99,9579.93,Paid,CUST-0071_Claudianus_Westmorland.pdf,43
Claudianus Westmorland,421 Glendale Drive,Denver,Colorado,80223,cwestmorland1y@yelp.com,303-656-1989,LOAN-0071,Debt consolidation,93256,421516.92,44,800%,TRX-LOAN-0071-044,21-06-2026,44,44,Bank Transfer,9579.93,421516.92,0,Paid,CUST-0071_Claudianus_Westmorland.pdf,44
Nico Poulter,90 Clemons Pass,Portsmouth,New Hampshire,3804,npoulter1z@theguardian.com,603-195-9807,LOAN-0072,Education,76526,247944.32,32,700%,TRX-LOAN-0072-001,15-09-2022,1,32,Virtual Account,7748.26,7748.26,240196.06,Paid,CUST-0072_Nico_Poulter.pdf,1
Nico Poulter,90 Clemons Pass,Portsmouth,New Hampshire,3804,npoulter1z@theguardian.com,603-195-9807,LOAN-0072,Education,76526,247944.32,32,700%,TRX-LOAN-0072-002,14-10-2022,2,32,Auto Debit,7748.26,15496.52,232447.8,Paid,CUST-0072_Nico_Poulter.pdf,2
Nico Poulter,90 Clemons Pass,Portsmouth,New Hampshire,3804,npoulter1z@theguardian.com,603-195-9807,LOAN-0072,Education,76526,247944.32,32,700%,TRX-LOAN-0072-003,19-11-2022,3,32,Virtual Account,7748.26,23244.78,224699.54,Late,CUST-0072_Nico_Poulter.pdf,3
Nico Poulter,90 Clemons Pass,Portsmouth,New Hampshire,3804,npoulter1z@theguardian.com,603-195-9807,LOAN-0072,Education,76526,247944.32,32,700%,TRX-LOAN-0072-004,16-12-2022,4,32,Auto Debit,7748.26,30993.04,216951.28,Paid,CUST-0072_Nico_Poulter.pdf,4
Nico Poulter,90 Clemons Pass,Portsmouth,New Hampshire,3804,npoulter1z@theguardian.com,603-195-9807,LOAN-0072,Education,76526,247944.32,32,700%,TRX-LOAN-0072-005,13-01-2023,5,32,Virtual Account,7748.26,38741.3,209203.02,Paid,CUST-0072_Nico_Poulter.pdf,5
Nico Poulter,90 Clemons Pass,Portsmouth,New Hampshire,3804,npoulter1z@theguardian.com,603-195-9807,LOAN-0072,Education,76526,247944.32,32,700%,TRX-LOAN-0072-006,13-02-2023,6,32,Bank Transfer,7748.26,46489.56,201454.76,Paid,CUST-0072_Nico_Poulter.pdf,6
Nico Poulter,90 Clemons Pass,Portsmouth,New Hampshire,3804,npoulter1z@theguardian.com,603-195-9807,LOAN-0072,Education,76526,247944.32,32,700%,TRX-LOAN-0072-007,16-03-2023,7,32,Virtual Account,7748.26,54237.82,193706.5,Paid,CUST-0072_Nico_Poulter.pdf,7
Nico Poulter,90 Clemons Pass,Portsmouth,New Hampshire,3804,npoulter1z@theguardian.com,603-195-9807,LOAN-0072,Education,76526,247944.32,32,700%,TRX-LOAN-0072-008,13-04-2023,8,32,Virtual Account,7748.26,61986.08,185958.24,Paid,CUST-0072_Nico_Poulter.pdf,8
Nico Poulter,90 Clemons Pass,Portsmouth,New Hampshire,3804,npoulter1z@theguardian.com,603-195-9807,LOAN-0072,Education,76526,247944.32,32,700%,TRX-LOAN-0072-009,12-05-2023,9,32,Bank Transfer,7748.26,69734.34,178209.98,Paid,CUST-0072_Nico_Poulter.pdf,9
Nico Poulter,90 Clemons Pass,Portsmouth,New Hampshire,3804,npoulter1z@theguardian.com,603-195-9807,LOAN-0072,Education,76526,247944.32,32,700%,TRX-LOAN-0072-010,17-06-2023,10,32,Virtual Account,7748.26,77482.6,170461.72,Late,CUST-0072_Nico_Poulter.pdf,10
Nico Poulter,90 Clemons Pass,Portsmouth,New Hampshire,3804,npoulter1z@theguardian.com,603-195-9807,LOAN-0072,Education,76526,247944.32,32,700%,TRX-LOAN-0072-011,12-07-2023,11,32,Auto Debit,7748.26,85230.86,162713.46,Paid,CUST-0072_Nico_Poulter.pdf,11
Nico Poulter,90 Clemons Pass,Portsmouth,New Hampshire,3804,npoulter1z@theguardian.com,603-195-9807,LOAN-0072,Education,76526,247944.32,32,700%,TRX-LOAN-0072-012,15-08-2023,12,32,Virtual Account,7748.26,92979.12,154965.2,Paid,CUST-0072_Nico_Poulter.pdf,12
Nico Poulter,90 Clemons Pass,Portsmouth,New Hampshire,3804,npoulter1z@theguardian.com,603-195-9807,LOAN-0072,Education,76526,247944.32,32,700%,TRX-LOAN-0072-013,20-09-2023,13,32,Virtual Account,7748.26,100727.38,147216.94,Late,CUST-0072_Nico_Poulter.pdf,13
Nico Poulter,90 Clemons Pass,Portsmouth,New Hampshire,3804,npoulter1z@theguardian.com,603-195-9807,LOAN-0072,Education,76526,247944.32,32,700%,TRX-LOAN-0072-014,16-10-2023,14,32,Bank Transfer,7748.26,108475.64,139468.68,Paid,CUST-0072_Nico_Poulter.pdf,14
Nico Poulter,90 Clemons Pass,Portsmouth,New Hampshire,3804,npoulter1z@theguardian.com,603-195-9807,LOAN-0072,Education,76526,247944.32,32,700%,TRX-LOAN-0072-015,15-11-2023,15,32,Virtual Account,7748.26,116223.9,131720.42,Paid,CUST-0072_Nico_Poulter.pdf,15
Nico Poulter,90 Clemons Pass,Portsmouth,New Hampshire,3804,npoulter1z@theguardian.com,603-195-9807,LOAN-0072,Education,76526,247944.32,32,700%,TRX-LOAN-0072-016,16-12-2023,16,32,Auto Debit,7748.26,123972.16,123972.16,Paid,CUST-0072_Nico_Poulter.pdf,16
Nico Poulter,90 Clemons Pass,Portsmouth,New Hampshire,3804,npoulter1z@theguardian.com,603-195-9807,LOAN-0072,Education,76526,247944.32,32,700%,TRX-LOAN-0072-017,14-01-2024,17,32,Virtual Account,7748.26,131720.42,116223.9,Paid,CUST-0072_Nico_Poulter.pdf,17
Nico Poulter,90 Clemons Pass,Portsmouth,New Hampshire,3804,npoulter1z@theguardian.com,603-195-9807,LOAN-0072,Education,76526,247944.32,32,700%,TRX-LOAN-0072-018,16-02-2024,18,32,Virtual Account,7748.26,139468.68,108475.64,Paid,CUST-0072_Nico_Poulter.pdf,18
Nico Poulter,90 Clemons Pass,Portsmouth,New Hampshire,3804,npoulter1z@theguardian.com,603-195-9807,LOAN-0072,Education,76526,247944.32,32,700%,TRX-LOAN-0072-019,12-03-2024,19,32,Auto Debit,7748.26,147216.94,100727.38,Paid,CUST-0072_Nico_Poulter.pdf,19
Nico Poulter,90 Clemons Pass,Portsmouth,New Hampshire,3804,npoulter1z@theguardian.com,603-195-9807,LOAN-0072,Education,76526,247944.32,32,700%,TRX-LOAN-0072-020,13-04-2024,20,32,Virtual Account,7748.26,154965.2,92979.12,Paid,CUST-0072_Nico_Poulter.pdf,20
Nico Poulter,90 Clemons Pass,Portsmouth,New Hampshire,3804,npoulter1z@theguardian.com,603-195-9807,LOAN-0072,Education,76526,247944.32,32,700%,TRX-LOAN-0072-021,16-05-2024,21,32,Virtual Account,7748.26,162713.46,85230.86,Paid,CUST-0072_Nico_Poulter.pdf,21
Nico Poulter,90 Clemons Pass,Portsmouth,New Hampshire,3804,npoulter1z@theguardian.com,603-195-9807,LOAN-0072,Education,76526,247944.32,32,700%,TRX-LOAN-0072-022,16-06-2024,22,32,Bank Transfer,7748.26,170461.72,77482.6,Paid,CUST-0072_Nico_Poulter.pdf,22
Nico Poulter,90 Clemons Pass,Portsmouth,New Hampshire,3804,npoulter1z@theguardian.com,603-195-9807,LOAN-0072,Education,76526,247944.32,32,700%,TRX-LOAN-0072-023,16-07-2024,23,32,Bank Transfer,7748.26,178209.98,69734.34,Paid,CUST-0072_Nico_Poulter.pdf,23
Nico Poulter,90 Clemons Pass,Portsmouth,New Hampshire,3804,npoulter1z@theguardian.com,603-195-9807,LOAN-0072,Education,76526,247944.32,32,700%,TRX-LOAN-0072-024,14-08-2024,24,32,Bank Transfer,7748.26,185958.24,61986.08,Paid,CUST-0072_Nico_Poulter.pdf,24
Nico Poulter,90 Clemons Pass,Portsmouth,New Hampshire,3804,npoulter1z@theguardian.com,603-195-9807,LOAN-0072,Education,76526,247944.32,32,700%,TRX-LOAN-0072-025,25-09-2024,25,32,Virtual Account,7748.26,193706.5,54237.82,Late,CUST-0072_Nico_Poulter.pdf,25
Nico Poulter,90 Clemons Pass,Portsmouth,New Hampshire,3804,npoulter1z@theguardian.com,603-195-9807,LOAN-0072,Education,76526,247944.32,32,700%,TRX-LOAN-0072-026,30-10-2024,26,32,Virtual Account,7748.26,201454.76,46489.56,Late,CUST-0072_Nico_Poulter.pdf,26
Nico Poulter,90 Clemons Pass,Portsmouth,New Hampshire,3804,npoulter1z@theguardian.com,603-195-9807,LOAN-0072,Education,76526,247944.32,32,700%,TRX-LOAN-0072-027,15-11-2024,27,32,Bank Transfer,7748.26,209203.02,38741.3,Paid,CUST-0072_Nico_Poulter.pdf,27
Nico Poulter,90 Clemons Pass,Portsmouth,New Hampshire,3804,npoulter1z@theguardian.com,603-195-9807,LOAN-0072,Education,76526,247944.32,32,700%,TRX-LOAN-0072-028,16-12-2024,28,32,Auto Debit,7748.26,216951.28,30993.04,Paid,CUST-0072_Nico_Poulter.pdf,28
Nico Poulter,90 Clemons Pass,Portsmouth,New Hampshire,3804,npoulter1z@theguardian.com,603-195-9807,LOAN-0072,Education,76526,247944.32,32,700%,TRX-LOAN-0072-029,15-01-2025,29,32,Auto Debit,7748.26,224699.54,23244.78,Paid,CUST-0072_Nico_Poulter.pdf,29
Nico Poulter,90 Clemons Pass,Portsmouth,New Hampshire,3804,npoulter1z@theguardian.com,603-195-9807,LOAN-0072,Education,76526,247944.32,32,700%,TRX-LOAN-0072-030,16-02-2025,30,32,Virtual Account,7748.26,232447.8,15496.52,Paid,CUST-0072_Nico_Poulter.pdf,30
Nico Poulter,90 Clemons Pass,Portsmouth,New Hampshire,3804,npoulter1z@theguardian.com,603-195-9807,LOAN-0072,Education,76526,247944.32,32,700%,TRX-LOAN-0072-031,12-03-2025,31,32,Auto Debit,7748.26,240196.06,7748.26,Paid,CUST-0072_Nico_Poulter.pdf,31
Nico Poulter,90 Clemons Pass,Portsmouth,New Hampshire,3804,npoulter1z@theguardian.com,603-195-9807,LOAN-0072,Education,76526,247944.32,32,700%,TRX-LOAN-0072-032,24-04-2025,32,32,Auto Debit,7748.26,247944.32,0,Late,CUST-0072_Nico_Poulter.pdf,32
John Skrines,03505 Sullivan Lane,Detroit,Michigan,48242,jskrines21@multiply.com,734-285-6748,LOAN-0074,Debt consolidation,6581,11714.04,39,200%,TRX-LOAN-0074-001,06-04-2022,1,39,Bank Transfer,300.36,300.36,11413.68,Paid,CUST-0074_John_Skrines.pdf,1
John Skrines,03505 Sullivan Lane,Detroit,Michigan,48242,jskrines21@multiply.com,734-285-6748,LOAN-0074,Debt consolidation,6581,11714.04,39,200%,TRX-LOAN-0074-002,05-05-2022,2,39,Bank Transfer,300.36,600.72,11113.32,Paid,CUST-0074_John_Skrines.pdf,2
John Skrines,03505 Sullivan Lane,Detroit,Michigan,48242,jskrines21@multiply.com,734-285-6748,LOAN-0074,Debt consolidation,6581,11714.04,39,200%,TRX-LOAN-0074-003,06-06-2022,3,39,Auto Debit,300.36,901.08,10812.96,Paid,CUST-0074_John_Skrines.pdf,3
John Skrines,03505 Sullivan Lane,Detroit,Michigan,48242,jskrines21@multiply.com,734-285-6748,LOAN-0074,Debt consolidation,6581,11714.04,39,200%,TRX-LOAN-0074-004,08-07-2022,4,39,Bank Transfer,300.36,1201.44,10512.6,Paid,CUST-0074_John_Skrines.pdf,4
John Skrines,03505 Sullivan Lane,Detroit,Michigan,48242,jskrines21@multiply.com,734-285-6748,LOAN-0074,Debt consolidation,6581,11714.04,39,200%,TRX-LOAN-0074-005,09-08-2022,5,39,Bank Transfer,300.36,1501.8,10212.24,Paid,CUST-0074_John_Skrines.pdf,5
John Skrines,03505 Sullivan Lane,Detroit,Michigan,48242,jskrines21@multiply.com,734-285-6748,LOAN-0074,Debt consolidation,6581,11714.04,39,200%,TRX-LOAN-0074-006,05-09-2022,6,39,Auto Debit,300.36,1802.16,9911.88,Paid,CUST-0074_John_Skrines.pdf,6
John Skrines,03505 Sullivan Lane,Detroit,Michigan,48242,jskrines21@multiply.com,734-285-6748,LOAN-0074,Debt consolidation,6581,11714.04,39,200%,TRX-LOAN-0074-007,09-10-2022,7,39,Auto Debit,300.36,2102.52,9611.52,Paid,CUST-0074_John_Skrines.pdf,7
John Skrines,03505 Sullivan Lane,Detroit,Michigan,48242,jskrines21@multiply.com,734-285-6748,LOAN-0074,Debt consolidation,6581,11714.04,39,200%,TRX-LOAN-0074-008,08-11-2022,8,39,Auto Debit,300.36,2402.88,9311.16,Paid,CUST-0074_John_Skrines.pdf,8
John Skrines,03505 Sullivan Lane,Detroit,Michigan,48242,jskrines21@multiply.com,734-285-6748,LOAN-0074,Debt consolidation,6581,11714.04,39,200%,TRX-LOAN-0074-009,08-12-2022,9,39,Auto Debit,300.36,2703.24,9010.8,Paid,CUST-0074_John_Skrines.pdf,9
John Skrines,03505 Sullivan Lane,Detroit,Michigan,48242,jskrines21@multiply.com,734-285-6748,LOAN-0074,Debt consolidation,6581,11714.04,39,200%,TRX-LOAN-0074-010,05-01-2023,10,39,Auto Debit,300.36,3003.6,8710.44,Paid,CUST-0074_John_Skrines.pdf,10
John Skrines,03505 Sullivan Lane,Detroit,Michigan,48242,jskrines21@multiply.com,734-285-6748,LOAN-0074,Debt consolidation,6581,11714.04,39,200%,TRX-LOAN-0074-011,06-02-2023,11,39,Virtual Account,300.36,3303.96,8410.08,Paid,CUST-0074_John_Skrines.pdf,11
John Skrines,03505 Sullivan Lane,Detroit,Michigan,48242,jskrines21@multiply.com,734-285-6748,LOAN-0074,Debt consolidation,6581,11714.04,39,200%,TRX-LOAN-0074-012,06-03-2023,12,39,Bank Transfer,300.36,3604.32,8109.72,Paid,CUST-0074_John_Skrines.pdf,12
John Skrines,03505 Sullivan Lane,Detroit,Michigan,48242,jskrines21@multiply.com,734-285-6748,LOAN-0074,Debt consolidation,6581,11714.04,39,200%,TRX-LOAN-0074-013,09-04-2023,13,39,Bank Transfer,300.36,3904.68,7809.36,Paid,CUST-0074_John_Skrines.pdf,13
John Skrines,03505 Sullivan Lane,Detroit,Michigan,48242,jskrines21@multiply.com,734-285-6748,LOAN-0074,Debt consolidation,6581,11714.04,39,200%,TRX-LOAN-0074-014,07-05-2023,14,39,Virtual Account,300.36,4205.04,7509,Paid,CUST-0074_John_Skrines.pdf,14
John Skrines,03505 Sullivan Lane,Detroit,Michigan,48242,jskrines21@multiply.com,734-285-6748,LOAN-0074,Debt consolidation,6581,11714.04,39,200%,TRX-LOAN-0074-015,11-06-2023,15,39,Virtual Account,300.36,4505.4,7208.64,Late,CUST-0074_John_Skrines.pdf,15
John Skrines,03505 Sullivan Lane,Detroit,Michigan,48242,jskrines21@multiply.com,734-285-6748,LOAN-0074,Debt consolidation,6581,11714.04,39,200%,TRX-LOAN-0074-016,11-07-2023,16,39,Auto Debit,300.36,4805.76,6908.28,Late,CUST-0074_John_Skrines.pdf,16
John Skrines,03505 Sullivan Lane,Detroit,Michigan,48242,jskrines21@multiply.com,734-285-6748,LOAN-0074,Debt consolidation,6581,11714.04,39,200%,TRX-LOAN-0074-017,08-08-2023,17,39,Auto Debit,300.36,5106.12,6607.92,Paid,CUST-0074_John_Skrines.pdf,17
John Skrines,03505 Sullivan Lane,Detroit,Michigan,48242,jskrines21@multiply.com,734-285-6748,LOAN-0074,Debt consolidation,6581,11714.04,39,200%,TRX-LOAN-0074-018,05-09-2023,18,39,Bank Transfer,300.36,5406.48,6307.56,Paid,CUST-0074_John_Skrines.pdf,18
John Skrines,03505 Sullivan Lane,Detroit,Michigan,48242,jskrines21@multiply.com,734-285-6748,LOAN-0074,Debt consolidation,6581,11714.04,39,200%,TRX-LOAN-0074-019,09-10-2023,19,39,Bank Transfer,300.36,5706.84,6007.2,Paid,CUST-0074_John_Skrines.pdf,19
John Skrines,03505 Sullivan Lane,Detroit,Michigan,48242,jskrines21@multiply.com,734-285-6748,LOAN-0074,Debt consolidation,6581,11714.04,39,200%,TRX-LOAN-0074-020,05-11-2023,20,39,Virtual Account,300.36,6007.2,5706.84,Paid,CUST-0074_John_Skrines.pdf,20
John Skrines,03505 Sullivan Lane,Detroit,Michigan,48242,jskrines21@multiply.com,734-285-6748,LOAN-0074,Debt consolidation,6581,11714.04,39,200%,TRX-LOAN-0074-021,09-12-2023,21,39,Auto Debit,300.36,6307.56,5406.48,Paid,CUST-0074_John_Skrines.pdf,21
John Skrines,03505 Sullivan Lane,Detroit,Michigan,48242,jskrines21@multiply.com,734-285-6748,LOAN-0074,Debt consolidation,6581,11714.04,39,200%,TRX-LOAN-0074-022,09-01-2024,22,39,Bank Transfer,300.36,6607.92,5106.12,Paid,CUST-0074_John_Skrines.pdf,22
John Skrines,03505 Sullivan Lane,Detroit,Michigan,48242,jskrines21@multiply.com,734-285-6748,LOAN-0074,Debt consolidation,6581,11714.04,39,200%,TRX-LOAN-0074-023,09-02-2024,23,39,Auto Debit,300.36,6908.28,4805.76,Paid,CUST-0074_John_Skrines.pdf,23
John Skrines,03505 Sullivan Lane,Detroit,Michigan,48242,jskrines21@multiply.com,734-285-6748,LOAN-0074,Debt consolidation,6581,11714.04,39,200%,TRX-LOAN-0074-024,05-03-2024,24,39,Virtual Account,300.36,7208.64,4505.4,Paid,CUST-0074_John_Skrines.pdf,24
John Skrines,03505 Sullivan Lane,Detroit,Michigan,48242,jskrines21@multiply.com,734-285-6748,LOAN-0074,Debt consolidation,6581,11714.04,39,200%,TRX-LOAN-0074-025,08-04-2024,25,39,Auto Debit,300.36,7509,4205.04,Paid,CUST-0074_John_Skrines.pdf,25
John Skrines,03505 Sullivan Lane,Detroit,Michigan,48242,jskrines21@multiply.com,734-285-6748,LOAN-0074,Debt consolidation,6581,11714.04,39,200%,TRX-LOAN-0074-026,06-05-2024,26,39,Bank Transfer,300.36,7809.36,3904.68,Paid,CUST-0074_John_Skrines.pdf,26
John Skrines,03505 Sullivan Lane,Detroit,Michigan,48242,jskrines21@multiply.com,734-285-6748,LOAN-0074,Debt consolidation,6581,11714.04,39,200%,TRX-LOAN-0074-027,07-06-2024,27,39,Auto Debit,300.36,8109.72,3604.32,Paid,CUST-0074_John_Skrines.pdf,27
John Skrines,03505 Sullivan Lane,Detroit,Michigan,48242,jskrines21@multiply.com,734-285-6748,LOAN-0074,Debt consolidation,6581,11714.04,39,200%,TRX-LOAN-0074-028,18-07-2024,28,39,Bank Transfer,300.36,8410.08,3303.96,Late,CUST-0074_John_Skrines.pdf,28
John Skrines,03505 Sullivan Lane,Detroit,Michigan,48242,jskrines21@multiply.com,734-285-6748,LOAN-0074,Debt consolidation,6581,11714.04,39,200%,TRX-LOAN-0074-029,07-08-2024,29,39,Bank Transfer,300.36,8710.44,3003.6,Paid,CUST-0074_John_Skrines.pdf,29
John Skrines,03505 Sullivan Lane,Detroit,Michigan,48242,jskrines21@multiply.com,734-285-6748,LOAN-0074,Debt consolidation,6581,11714.04,39,200%,TRX-LOAN-0074-030,09-09-2024,30,39,Auto Debit,300.36,9010.8,2703.24,Paid,CUST-0074_John_Skrines.pdf,30
John Skrines,03505 Sullivan Lane,Detroit,Michigan,48242,jskrines21@multiply.com,734-285-6748,LOAN-0074,Debt consolidation,6581,11714.04,39,200%,TRX-LOAN-0074-031,09-10-2024,31,39,Auto Debit,300.36,9311.16,2402.88,Paid,CUST-0074_John_Skrines.pdf,31
John Skrines,03505 Sullivan Lane,Detroit,Michigan,48242,jskrines21@multiply.com,734-285-6748,LOAN-0074,Debt consolidation,6581,11714.04,39,200%,TRX-LOAN-0074-032,07-11-2024,32,39,Bank Transfer,300.36,9611.52,2102.52,Paid,CUST-0074_John_Skrines.pdf,32
John Skrines,03505 Sullivan Lane,Detroit,Michigan,48242,jskrines21@multiply.com,734-285-6748,LOAN-0074,Debt consolidation,6581,11714.04,39,200%,TRX-LOAN-0074-033,07-12-2024,33,39,Auto Debit,300.36,9911.88,1802.16,Paid,CUST-0074_John_Skrines.pdf,33
John Skrines,03505 Sullivan Lane,Detroit,Michigan,48242,jskrines21@multiply.com,734-285-6748,LOAN-0074,Debt consolidation,6581,11714.04,39,200%,TRX-LOAN-0074-034,08-01-2025,34,39,Auto Debit,300.36,10212.24,1501.8,Paid,CUST-0074_John_Skrines.pdf,34
John Skrines,03505 Sullivan Lane,Detroit,Michigan,48242,jskrines21@multiply.com,734-285-6748,LOAN-0074,Debt consolidation,6581,11714.04,39,200%,TRX-LOAN-0074-035,09-02-2025,35,39,Bank Transfer,300.36,10512.6,1201.44,Paid,CUST-0074_John_Skrines.pdf,35
John Skrines,03505 Sullivan Lane,Detroit,Michigan,48242,jskrines21@multiply.com,734-285-6748,LOAN-0074,Debt consolidation,6581,11714.04,39,200%,TRX-LOAN-0074-036,09-03-2025,36,39,Virtual Account,300.36,10812.96,901.08,Paid,CUST-0074_John_Skrines.pdf,36
John Skrines,03505 Sullivan Lane,Detroit,Michigan,48242,jskrines21@multiply.com,734-285-6748,LOAN-0074,Debt consolidation,6581,11714.04,39,200%,TRX-LOAN-0074-037,10-04-2025,37,39,Auto Debit,300.36,11113.32,600.72,Late,CUST-0074_John_Skrines.pdf,37
John Skrines,03505 Sullivan Lane,Detroit,Michigan,48242,jskrines21@multiply.com,734-285-6748,LOAN-0074,Debt consolidation,6581,11714.04,39,200%,TRX-LOAN-0074-038,08-05-2025,38,39,Bank Transfer,300.36,11413.68,300.36,Paid,CUST-0074_John_Skrines.pdf,38
John Skrines,03505 Sullivan Lane,Detroit,Michigan,48242,jskrines21@multiply.com,734-285-6748,LOAN-0074,Debt consolidation,6581,11714.04,39,200%,TRX-LOAN-0074-039,24-06-2025,39,39,Bank Transfer,300.36,11714.04,0,Late,CUST-0074_John_Skrines.pdf,39
Del Holley,35117 South Center,West Palm Beach,Florida,33421,dholley25@latimes.com,561-725-5333,LOAN-0078,Debt consolidation,57148,213161.91,39,700%,TRX-LOAN-0078-001,07-03-2022,1,39,Bank Transfer,5465.69,5465.69,207696.22,Paid,CUST-0078_Del_Holley.pdf,1
Del Holley,35117 South Center,West Palm Beach,Florida,33421,dholley25@latimes.com,561-725-5333,LOAN-0078,Debt consolidation,57148,213161.91,39,700%,TRX-LOAN-0078-002,06-04-2022,2,39,Virtual Account,5465.69,10931.38,202230.53,Paid,CUST-0078_Del_Holley.pdf,2
Del Holley,35117 South Center,West Palm Beach,Florida,33421,dholley25@latimes.com,561-725-5333,LOAN-0078,Debt consolidation,57148,213161.91,39,700%,TRX-LOAN-0078-003,05-05-2022,3,39,Auto Debit,5465.69,16397.07,196764.84,Paid,CUST-0078_Del_Holley.pdf,3
Del Holley,35117 South Center,West Palm Beach,Florida,33421,dholley25@latimes.com,561-725-5333,LOAN-0078,Debt consolidation,57148,213161.91,39,700%,TRX-LOAN-0078-004,08-06-2022,4,39,Bank Transfer,5465.69,21862.76,191299.15,Late,CUST-0078_Del_Holley.pdf,4
Del Holley,35117 South Center,West Palm Beach,Florida,33421,dholley25@latimes.com,561-725-5333,LOAN-0078,Debt consolidation,57148,213161.91,39,700%,TRX-LOAN-0078-005,07-07-2022,5,39,Auto Debit,5465.69,27328.45,185833.46,Paid,CUST-0078_Del_Holley.pdf,5
Del Holley,35117 South Center,West Palm Beach,Florida,33421,dholley25@latimes.com,561-725-5333,LOAN-0078,Debt consolidation,57148,213161.91,39,700%,TRX-LOAN-0078-006,03-08-2022,6,39,Virtual Account,5465.69,32794.14,180367.77,Paid,CUST-0078_Del_Holley.pdf,6
Del Holley,35117 South Center,West Palm Beach,Florida,33421,dholley25@latimes.com,561-725-5333,LOAN-0078,Debt consolidation,57148,213161.91,39,700%,TRX-LOAN-0078-007,15-09-2022,7,39,Virtual Account,5465.69,38259.83,174902.08,Late,CUST-0078_Del_Holley.pdf,7
Del Holley,35117 South Center,West Palm Beach,Florida,33421,dholley25@latimes.com,561-725-5333,LOAN-0078,Debt consolidation,57148,213161.91,39,700%,TRX-LOAN-0078-008,04-10-2022,8,39,Bank Transfer,5465.69,43725.52,169436.39,Paid,CUST-0078_Del_Holley.pdf,8
Del Holley,35117 South Center,West Palm Beach,Florida,33421,dholley25@latimes.com,561-725-5333,LOAN-0078,Debt consolidation,57148,213161.91,39,700%,TRX-LOAN-0078-009,07-11-2022,9,39,Virtual Account,5465.69,49191.21,163970.7,Paid,CUST-0078_Del_Holley.pdf,9
Del Holley,35117 South Center,West Palm Beach,Florida,33421,dholley25@latimes.com,561-725-5333,LOAN-0078,Debt consolidation,57148,213161.91,39,700%,TRX-LOAN-0078-010,07-12-2022,10,39,Auto Debit,5465.69,54656.9,158505.01,Paid,CUST-0078_Del_Holley.pdf,10
Del Holley,35117 South Center,West Palm Beach,Florida,33421,dholley25@latimes.com,561-725-5333,LOAN-0078,Debt consolidation,57148,213161.91,39,700%,TRX-LOAN-0078-011,09-01-2023,11,39,Bank Transfer,5465.69,60122.59,153039.32,Late,CUST-0078_Del_Holley.pdf,11
Del Holley,35117 South Center,West Palm Beach,Florida,33421,dholley25@latimes.com,561-725-5333,LOAN-0078,Debt consolidation,57148,213161.91,39,700%,TRX-LOAN-0078-012,06-02-2023,12,39,Bank Transfer,5465.69,65588.28,147573.63,Paid,CUST-0078_Del_Holley.pdf,12
Del Holley,35117 South Center,West Palm Beach,Florida,33421,dholley25@latimes.com,561-725-5333,LOAN-0078,Debt consolidation,57148,213161.91,39,700%,TRX-LOAN-0078-013,06-03-2023,13,39,Auto Debit,5465.69,71053.97,142107.94,Paid,CUST-0078_Del_Holley.pdf,13
Del Holley,35117 South Center,West Palm Beach,Florida,33421,dholley25@latimes.com,561-725-5333,LOAN-0078,Debt consolidation,57148,213161.91,39,700%,TRX-LOAN-0078-014,04-04-2023,14,39,Virtual Account,5465.69,76519.66,136642.25,Paid,CUST-0078_Del_Holley.pdf,14
Del Holley,35117 South Center,West Palm Beach,Florida,33421,dholley25@latimes.com,561-725-5333,LOAN-0078,Debt consolidation,57148,213161.91,39,700%,TRX-LOAN-0078-015,03-05-2023,15,39,Virtual Account,5465.69,81985.35,131176.56,Paid,CUST-0078_Del_Holley.pdf,15
Del Holley,35117 South Center,West Palm Beach,Florida,33421,dholley25@latimes.com,561-725-5333,LOAN-0078,Debt consolidation,57148,213161.91,39,700%,TRX-LOAN-0078-016,05-06-2023,16,39,Bank Transfer,5465.69,87451.04,125710.87,Paid,CUST-0078_Del_Holley.pdf,16
Del Holley,35117 South Center,West Palm Beach,Florida,33421,dholley25@latimes.com,561-725-5333,LOAN-0078,Debt consolidation,57148,213161.91,39,700%,TRX-LOAN-0078-017,04-07-2023,17,39,Bank Transfer,5465.69,92916.73,120245.18,Paid,CUST-0078_Del_Holley.pdf,17
Del Holley,35117 South Center,West Palm Beach,Florida,33421,dholley25@latimes.com,561-725-5333,LOAN-0078,Debt consolidation,57148,213161.91,39,700%,TRX-LOAN-0078-018,04-08-2023,18,39,Bank Transfer,5465.69,98382.42,114779.49,Paid,CUST-0078_Del_Holley.pdf,18
Del Holley,35117 South Center,West Palm Beach,Florida,33421,dholley25@latimes.com,561-725-5333,LOAN-0078,Debt consolidation,57148,213161.91,39,700%,TRX-LOAN-0078-019,06-09-2023,19,39,Auto Debit,5465.69,103848.11,109313.8,Paid,CUST-0078_Del_Holley.pdf,19
Del Holley,35117 South Center,West Palm Beach,Florida,33421,dholley25@latimes.com,561-725-5333,LOAN-0078,Debt consolidation,57148,213161.91,39,700%,TRX-LOAN-0078-020,03-10-2023,20,39,Auto Debit,5465.69,109313.8,103848.11,Paid,CUST-0078_Del_Holley.pdf,20
Del Holley,35117 South Center,West Palm Beach,Florida,33421,dholley25@latimes.com,561-725-5333,LOAN-0078,Debt consolidation,57148,213161.91,39,700%,TRX-LOAN-0078-021,04-11-2023,21,39,Virtual Account,5465.69,114779.49,98382.42,Paid,CUST-0078_Del_Holley.pdf,21
Del Holley,35117 South Center,West Palm Beach,Florida,33421,dholley25@latimes.com,561-725-5333,LOAN-0078,Debt consolidation,57148,213161.91,39,700%,TRX-LOAN-0078-022,04-12-2023,22,39,Auto Debit,5465.69,120245.18,92916.73,Paid,CUST-0078_Del_Holley.pdf,22
Del Holley,35117 South Center,West Palm Beach,Florida,33421,dholley25@latimes.com,561-725-5333,LOAN-0078,Debt consolidation,57148,213161.91,39,700%,TRX-LOAN-0078-023,03-01-2024,23,39,Virtual Account,5465.69,125710.87,87451.04,Paid,CUST-0078_Del_Holley.pdf,23
Del Holley,35117 South Center,West Palm Beach,Florida,33421,dholley25@latimes.com,561-725-5333,LOAN-0078,Debt consolidation,57148,213161.91,39,700%,TRX-LOAN-0078-024,11-02-2024,24,39,Auto Debit,5465.69,131176.56,81985.35,Late,CUST-0078_Del_Holley.pdf,24
Del Holley,35117 South Center,West Palm Beach,Florida,33421,dholley25@latimes.com,561-725-5333,LOAN-0078,Debt consolidation,57148,213161.91,39,700%,TRX-LOAN-0078-025,04-03-2024,25,39,Auto Debit,5465.69,136642.25,76519.66,Paid,CUST-0078_Del_Holley.pdf,25
Del Holley,35117 South Center,West Palm Beach,Florida,33421,dholley25@latimes.com,561-725-5333,LOAN-0078,Debt consolidation,57148,213161.91,39,700%,TRX-LOAN-0078-026,05-04-2024,26,39,Auto Debit,5465.69,142107.94,71053.97,Paid,CUST-0078_Del_Holley.pdf,26
Del Holley,35117 South Center,West Palm Beach,Florida,33421,dholley25@latimes.com,561-725-5333,LOAN-0078,Debt consolidation,57148,213161.91,39,700%,TRX-LOAN-0078-027,10-05-2024,27,39,Bank Transfer,5465.69,147573.63,65588.28,Late,CUST-0078_Del_Holley.pdf,27
Del Holley,35117 South Center,West Palm Beach,Florida,33421,dholley25@latimes.com,561-725-5333,LOAN-0078,Debt consolidation,57148,213161.91,39,700%,TRX-LOAN-0078-028,10-06-2024,28,39,Bank Transfer,5465.69,153039.32,60122.59,Late,CUST-0078_Del_Holley.pdf,28
Del Holley,35117 South Center,West Palm Beach,Florida,33421,dholley25@latimes.com,561-725-5333,LOAN-0078,Debt consolidation,57148,213161.91,39,700%,TRX-LOAN-0078-029,20-07-2024,29,39,Auto Debit,5465.69,158505.01,54656.9,Late,CUST-0078_Del_Holley.pdf,29
Del Holley,35117 South Center,West Palm Beach,Florida,33421,dholley25@latimes.com,561-725-5333,LOAN-0078,Debt consolidation,57148,213161.91,39,700%,TRX-LOAN-0078-030,05-08-2024,30,39,Virtual Account,5465.69,163970.7,49191.21,Paid,CUST-0078_Del_Holley.pdf,30
Del Holley,35117 South Center,West Palm Beach,Florida,33421,dholley25@latimes.com,561-725-5333,LOAN-0078,Debt consolidation,57148,213161.91,39,700%,TRX-LOAN-0078-031,07-09-2024,31,39,Bank Transfer,5465.69,169436.39,43725.52,Paid,CUST-0078_Del_Holley.pdf,31
Del Holley,35117 South Center,West Palm Beach,Florida,33421,dholley25@latimes.com,561-725-5333,LOAN-0078,Debt consolidation,57148,213161.91,39,700%,TRX-LOAN-0078-032,06-10-2024,32,39,Auto Debit,5465.69,174902.08,38259.83,Paid,CUST-0078_Del_Holley.pdf,32
Del Holley,35117 South Center,West Palm Beach,Florida,33421,dholley25@latimes.com,561-725-5333,LOAN-0078,Debt consolidation,57148,213161.91,39,700%,TRX-LOAN-0078-033,16-11-2024,33,39,Virtual Account,5465.69,180367.77,32794.14,Late,CUST-0078_Del_Holley.pdf,33
Del Holley,35117 South Center,West Palm Beach,Florida,33421,dholley25@latimes.com,561-725-5333,LOAN-0078,Debt consolidation,57148,213161.91,39,700%,TRX-LOAN-0078-034,06-12-2024,34,39,Bank Transfer,5465.69,185833.46,27328.45,Paid,CUST-0078_Del_Holley.pdf,34
Del Holley,35117 South Center,West Palm Beach,Florida,33421,dholley25@latimes.com,561-725-5333,LOAN-0078,Debt consolidation,57148,213161.91,39,700%,TRX-LOAN-0078-035,07-01-2025,35,39,Virtual Account,5465.69,191299.15,21862.76,Paid,CUST-0078_Del_Holley.pdf,35
Del Holley,35117 South Center,West Palm Beach,Florida,33421,dholley25@latimes.com,561-725-5333,LOAN-0078,Debt consolidation,57148,213161.91,39,700%,TRX-LOAN-0078-036,03-02-2025,36,39,Bank Transfer,5465.69,196764.84,16397.07,Paid,CUST-0078_Del_Holley.pdf,36
Del Holley,35117 South Center,West Palm Beach,Florida,33421,dholley25@latimes.com,561-725-5333,LOAN-0078,Debt consolidation,57148,213161.91,39,700%,TRX-LOAN-0078-037,06-03-2025,37,39,Auto Debit,5465.69,202230.53,10931.38,Paid,CUST-0078_Del_Holley.pdf,37
Del Holley,35117 South Center,West Palm Beach,Florida,33421,dholley25@latimes.com,561-725-5333,LOAN-0078,Debt consolidation,57148,213161.91,39,700%,TRX-LOAN-0078-038,20-04-2025,38,39,Auto Debit,5465.69,207696.22,5465.69,Late,CUST-0078_Del_Holley.pdf,38
Del Holley,35117 South Center,West Palm Beach,Florida,33421,dholley25@latimes.com,561-725-5333,LOAN-0078,Debt consolidation,57148,213161.91,39,700%,TRX-LOAN-0078-039,03-05-2025,39,39,Bank Transfer,5465.69,213161.91,0,Paid,CUST-0078_Del_Holley.pdf,39
Andree Mechi,0 Dexter Hill,Phoenix,Arizona,85062,amechi2d@intel.com,602-776-9572,LOAN-0086,Education,67876,134394.26,49,200%,TRX-LOAN-0086-001,04-01-2023,1,49,Virtual Account,2742.74,2742.74,131651.52,Paid,CUST-0086_Andree_Mechi.pdf,1
Andree Mechi,0 Dexter Hill,Phoenix,Arizona,85062,amechi2d@intel.com,602-776-9572,LOAN-0086,Education,67876,134394.26,49,200%,TRX-LOAN-0086-002,04-02-2023,2,49,Auto Debit,2742.74,5485.48,128908.78,Paid,CUST-0086_Andree_Mechi.pdf,2
Andree Mechi,0 Dexter Hill,Phoenix,Arizona,85062,amechi2d@intel.com,602-776-9572,LOAN-0086,Education,67876,134394.26,49,200%,TRX-LOAN-0086-003,02-03-2023,3,49,Virtual Account,2742.74,8228.22,126166.04,Paid,CUST-0086_Andree_Mechi.pdf,3
Andree Mechi,0 Dexter Hill,Phoenix,Arizona,85062,amechi2d@intel.com,602-776-9572,LOAN-0086,Education,67876,134394.26,49,200%,TRX-LOAN-0086-004,02-04-2023,4,49,Bank Transfer,2742.74,10970.96,123423.3,Paid,CUST-0086_Andree_Mechi.pdf,4
Andree Mechi,0 Dexter Hill,Phoenix,Arizona,85062,amechi2d@intel.com,602-776-9572,LOAN-0086,Education,67876,134394.26,49,200%,TRX-LOAN-0086-005,04-05-2023,5,49,Bank Transfer,2742.74,13713.7,120680.56,Paid,CUST-0086_Andree_Mechi.pdf,5
Andree Mechi,0 Dexter Hill,Phoenix,Arizona,85062,amechi2d@intel.com,602-776-9572,LOAN-0086,Education,67876,134394.26,49,200%,TRX-LOAN-0086-006,04-06-2023,6,49,Bank Transfer,2742.74,16456.44,117937.82,Paid,CUST-0086_Andree_Mechi.pdf,6
Andree Mechi,0 Dexter Hill,Phoenix,Arizona,85062,amechi2d@intel.com,602-776-9572,LOAN-0086,Education,67876,134394.26,49,200%,TRX-LOAN-0086-007,02-07-2023,7,49,Auto Debit,2742.74,19199.18,115195.08,Paid,CUST-0086_Andree_Mechi.pdf,7
Andree Mechi,0 Dexter Hill,Phoenix,Arizona,85062,amechi2d@intel.com,602-776-9572,LOAN-0086,Education,67876,134394.26,49,200%,TRX-LOAN-0086-008,06-08-2023,8,49,Auto Debit,2742.74,21941.92,112452.34,Paid,CUST-0086_Andree_Mechi.pdf,8
Andree Mechi,0 Dexter Hill,Phoenix,Arizona,85062,amechi2d@intel.com,602-776-9572,LOAN-0086,Education,67876,134394.26,49,200%,TRX-LOAN-0086-009,04-09-2023,9,49,Virtual Account,2742.74,24684.66,109709.6,Paid,CUST-0086_Andree_Mechi.pdf,9
Andree Mechi,0 Dexter Hill,Phoenix,Arizona,85062,amechi2d@intel.com,602-776-9572,LOAN-0086,Education,67876,134394.26,49,200%,TRX-LOAN-0086-010,02-10-2023,10,49,Bank Transfer,2742.74,27427.4,106966.86,Paid,CUST-0086_Andree_Mechi.pdf,10
Andree Mechi,0 Dexter Hill,Phoenix,Arizona,85062,amechi2d@intel.com,602-776-9572,LOAN-0086,Education,67876,134394.26,49,200%,TRX-LOAN-0086-011,09-11-2023,11,49,Auto Debit,2742.74,30170.14,104224.12,Late,CUST-0086_Andree_Mechi.pdf,11
Andree Mechi,0 Dexter Hill,Phoenix,Arizona,85062,amechi2d@intel.com,602-776-9572,LOAN-0086,Education,67876,134394.26,49,200%,TRX-LOAN-0086-012,03-12-2023,12,49,Auto Debit,2742.74,32912.88,101481.38,Paid,CUST-0086_Andree_Mechi.pdf,12
Andree Mechi,0 Dexter Hill,Phoenix,Arizona,85062,amechi2d@intel.com,602-776-9572,LOAN-0086,Education,67876,134394.26,49,200%,TRX-LOAN-0086-013,03-01-2024,13,49,Bank Transfer,2742.74,35655.62,98738.64,Paid,CUST-0086_Andree_Mechi.pdf,13
Andree Mechi,0 Dexter Hill,Phoenix,Arizona,85062,amechi2d@intel.com,602-776-9572,LOAN-0086,Education,67876,134394.26,49,200%,TRX-LOAN-0086-014,02-02-2024,14,49,Auto Debit,2742.74,38398.36,95995.9,Paid,CUST-0086_Andree_Mechi.pdf,14
Andree Mechi,0 Dexter Hill,Phoenix,Arizona,85062,amechi2d@intel.com,602-776-9572,LOAN-0086,Education,67876,134394.26,49,200%,TRX-LOAN-0086-015,02-03-2024,15,49,Bank Transfer,2742.74,41141.1,93253.16,Paid,CUST-0086_Andree_Mechi.pdf,15
Andree Mechi,0 Dexter Hill,Phoenix,Arizona,85062,amechi2d@intel.com,602-776-9572,LOAN-0086,Education,67876,134394.26,49,200%,TRX-LOAN-0086-016,13-04-2024,16,49,Auto Debit,2742.74,43883.84,90510.42,Late,CUST-0086_Andree_Mechi.pdf,16
Andree Mechi,0 Dexter Hill,Phoenix,Arizona,85062,amechi2d@intel.com,602-776-9572,LOAN-0086,Education,67876,134394.26,49,200%,TRX-LOAN-0086-017,02-05-2024,17,49,Bank Transfer,2742.74,46626.58,87767.68,Paid,CUST-0086_Andree_Mechi.pdf,17
Andree Mechi,0 Dexter Hill,Phoenix,Arizona,85062,amechi2d@intel.com,602-776-9572,LOAN-0086,Education,67876,134394.26,49,200%,TRX-LOAN-0086-018,04-06-2024,18,49,Bank Transfer,2742.74,49369.32,85024.94,Paid,CUST-0086_Andree_Mechi.pdf,18
Andree Mechi,0 Dexter Hill,Phoenix,Arizona,85062,amechi2d@intel.com,602-776-9572,LOAN-0086,Education,67876,134394.26,49,200%,TRX-LOAN-0086-019,05-07-2024,19,49,Auto Debit,2742.74,52112.06,82282.2,Paid,CUST-0086_Andree_Mechi.pdf,19
Andree Mechi,0 Dexter Hill,Phoenix,Arizona,85062,amechi2d@intel.com,602-776-9572,LOAN-0086,Education,67876,134394.26,49,200%,TRX-LOAN-0086-020,02-08-2024,20,49,Auto Debit,2742.74,54854.8,79539.46,Paid,CUST-0086_Andree_Mechi.pdf,20
Andree Mechi,0 Dexter Hill,Phoenix,Arizona,85062,amechi2d@intel.com,602-776-9572,LOAN-0086,Education,67876,134394.26,49,200%,TRX-LOAN-0086-021,06-09-2024,21,49,Auto Debit,2742.74,57597.54,76796.72,Paid,CUST-0086_Andree_Mechi.pdf,21
Andree Mechi,0 Dexter Hill,Phoenix,Arizona,85062,amechi2d@intel.com,602-776-9572,LOAN-0086,Education,67876,134394.26,49,200%,TRX-LOAN-0086-022,04-10-2024,22,49,Auto Debit,2742.74,60340.28,74053.98,Paid,CUST-0086_Andree_Mechi.pdf,22
Andree Mechi,0 Dexter Hill,Phoenix,Arizona,85062,amechi2d@intel.com,602-776-9572,LOAN-0086,Education,67876,134394.26,49,200%,TRX-LOAN-0086-023,21-11-2024,23,49,Bank Transfer,2742.74,63083.02,71311.24,Late,CUST-0086_Andree_Mechi.pdf,23
Andree Mechi,0 Dexter Hill,Phoenix,Arizona,85062,amechi2d@intel.com,602-776-9572,LOAN-0086,Education,67876,134394.26,49,200%,TRX-LOAN-0086-024,05-12-2024,24,49,Bank Transfer,2742.74,65825.76,68568.5,Paid,CUST-0086_Andree_Mechi.pdf,24
Andree Mechi,0 Dexter Hill,Phoenix,Arizona,85062,amechi2d@intel.com,602-776-9572,LOAN-0086,Education,67876,134394.26,49,200%,TRX-LOAN-0086-025,16-01-2025,25,49,Virtual Account,2742.74,68568.5,65825.76,Late,CUST-0086_Andree_Mechi.pdf,25
Andree Mechi,0 Dexter Hill,Phoenix,Arizona,85062,amechi2d@intel.com,602-776-9572,LOAN-0086,Education,67876,134394.26,49,200%,TRX-LOAN-0086-026,02-02-2025,26,49,Virtual Account,2742.74,71311.24,63083.02,Paid,CUST-0086_Andree_Mechi.pdf,26
Andree Mechi,0 Dexter Hill,Phoenix,Arizona,85062,amechi2d@intel.com,602-776-9572,LOAN-0086,Education,67876,134394.26,49,200%,TRX-LOAN-0086-027,03-03-2025,27,49,Bank Transfer,2742.74,74053.98,60340.28,Paid,CUST-0086_Andree_Mechi.pdf,27
Andree Mechi,0 Dexter Hill,Phoenix,Arizona,85062,amechi2d@intel.com,602-776-9572,LOAN-0086,Education,67876,134394.26,49,200%,TRX-LOAN-0086-028,06-04-2025,28,49,Auto Debit,2742.74,76796.72,57597.54,Paid,CUST-0086_Andree_Mechi.pdf,28
Andree Mechi,0 Dexter Hill,Phoenix,Arizona,85062,amechi2d@intel.com,602-776-9572,LOAN-0086,Education,67876,134394.26,49,200%,TRX-LOAN-0086-029,09-05-2025,29,49,Virtual Account,2742.74,79539.46,54854.8,Late,CUST-0086_Andree_Mechi.pdf,29
Andree Mechi,0 Dexter Hill,Phoenix,Arizona,85062,amechi2d@intel.com,602-776-9572,LOAN-0086,Education,67876,134394.26,49,200%,TRX-LOAN-0086-030,04-06-2025,30,49,Bank Transfer,2742.74,82282.2,52112.06,Paid,CUST-0086_Andree_Mechi.pdf,30
Andree Mechi,0 Dexter Hill,Phoenix,Arizona,85062,amechi2d@intel.com,602-776-9572,LOAN-0086,Education,67876,134394.26,49,200%,TRX-LOAN-0086-031,14-07-2025,31,49,Virtual Account,2742.74,85024.94,49369.32,Late,CUST-0086_Andree_Mechi.pdf,31
Andree Mechi,0 Dexter Hill,Phoenix,Arizona,85062,amechi2d@intel.com,602-776-9572,LOAN-0086,Education,67876,134394.26,49,200%,TRX-LOAN-0086-032,09-08-2025,32,49,Virtual Account,2742.74,87767.68,46626.58,Late,CUST-0086_Andree_Mechi.pdf,32
Andree Mechi,0 Dexter Hill,Phoenix,Arizona,85062,amechi2d@intel.com,602-776-9572,LOAN-0086,Education,67876,134394.26,49,200%,TRX-LOAN-0086-033,03-09-2025,33,49,Virtual Account,2742.74,90510.42,43883.84,Paid,CUST-0086_Andree_Mechi.pdf,33
Andree Mechi,0 Dexter Hill,Phoenix,Arizona,85062,amechi2d@intel.com,602-776-9572,LOAN-0086,Education,67876,134394.26,49,200%,TRX-LOAN-0086-034,05-10-2025,34,49,Virtual Account,2742.74,93253.16,41141.1,Paid,CUST-0086_Andree_Mechi.pdf,34
Andree Mechi,0 Dexter Hill,Phoenix,Arizona,85062,amechi2d@intel.com,602-776-9572,LOAN-0086,Education,67876,134394.26,49,200%,TRX-LOAN-0086-035,03-11-2025,35,49,Virtual Account,2742.74,95995.9,38398.36,Paid,CUST-0086_Andree_Mechi.pdf,35
Andree Mechi,0 Dexter Hill,Phoenix,Arizona,85062,amechi2d@intel.com,602-776-9572,LOAN-0086,Education,67876,134394.26,49,200%,TRX-LOAN-0086-036,06-12-2025,36,49,Auto Debit,2742.74,98738.64,35655.62,Paid,CUST-0086_Andree_Mechi.pdf,36
Andree Mechi,0 Dexter Hill,Phoenix,Arizona,85062,amechi2d@intel.com,602-776-9572,LOAN-0086,Education,67876,134394.26,49,200%,TRX-LOAN-0086-037,05-01-2026,37,49,Auto Debit,2742.74,101481.38,32912.88,Paid,CUST-0086_Andree_Mechi.pdf,37
Andree Mechi,0 Dexter Hill,Phoenix,Arizona,85062,amechi2d@intel.com,602-776-9572,LOAN-0086,Education,67876,134394.26,49,200%,TRX-LOAN-0086-038,06-02-2026,38,49,Auto Debit,2742.74,104224.12,30170.14,Paid,CUST-0086_Andree_Mechi.pdf,38
Andree Mechi,0 Dexter Hill,Phoenix,Arizona,85062,amechi2d@intel.com,602-776-9572,LOAN-0086,Education,67876,134394.26,49,200%,TRX-LOAN-0086-039,02-03-2026,39,49,Virtual Account,2742.74,106966.86,27427.4,Paid,CUST-0086_Andree_Mechi.pdf,39
Andree Mechi,0 Dexter Hill,Phoenix,Arizona,85062,amechi2d@intel.com,602-776-9572,LOAN-0086,Education,67876,134394.26,49,200%,TRX-LOAN-0086-040,02-04-2026,40,49,Auto Debit,2742.74,109709.6,24684.66,Paid,CUST-0086_Andree_Mechi.pdf,40
Andree Mechi,0 Dexter Hill,Phoenix,Arizona,85062,amechi2d@intel.com,602-776-9572,LOAN-0086,Education,67876,134394.26,49,200%,TRX-LOAN-0086-041,03-05-2026,41,49,Auto Debit,2742.74,112452.34,21941.92,Paid,CUST-0086_Andree_Mechi.pdf,41
Andree Mechi,0 Dexter Hill,Phoenix,Arizona,85062,amechi2d@intel.com,602-776-9572,LOAN-0086,Education,67876,134394.26,49,200%,TRX-LOAN-0086-042,15-06-2026,42,49,Bank Transfer,2742.74,115195.08,19199.18,Late,CUST-0086_Andree_Mechi.pdf,42
Andree Mechi,0 Dexter Hill,Phoenix,Arizona,85062,amechi2d@intel.com,602-776-9572,LOAN-0086,Education,67876,134394.26,49,200%,TRX-LOAN-0086-043,05-07-2026,43,49,Virtual Account,2742.74,117937.82,16456.44,Paid,CUST-0086_Andree_Mechi.pdf,43
Trip Swait,9741 Mandrake Hill,West Palm Beach,Florida,33405,tswait2e@abc.net.au,561-207-8301,LOAN-0087,Education,4109,11998.08,48,400%,TRX-LOAN-0087-001,22-06-2022,1,48,Virtual Account,249.96,249.96,11748.12,Paid,CUST-0087_Trip_Swait.pdf,1
Trip Swait,9741 Mandrake Hill,West Palm Beach,Florida,33405,tswait2e@abc.net.au,561-207-8301,LOAN-0087,Education,4109,11998.08,48,400%,TRX-LOAN-0087-002,21-07-2022,2,48,Virtual Account,249.96,499.92,11498.16,Paid,CUST-0087_Trip_Swait.pdf,2
Trip Swait,9741 Mandrake Hill,West Palm Beach,Florida,33405,tswait2e@abc.net.au,561-207-8301,LOAN-0087,Education,4109,11998.08,48,400%,TRX-LOAN-0087-003,24-08-2022,3,48,Virtual Account,249.96,749.88,11248.2,Paid,CUST-0087_Trip_Swait.pdf,3
Trip Swait,9741 Mandrake Hill,West Palm Beach,Florida,33405,tswait2e@abc.net.au,561-207-8301,LOAN-0087,Education,4109,11998.08,48,400%,TRX-LOAN-0087-004,22-09-2022,4,48,Virtual Account,249.96,999.84,10998.24,Paid,CUST-0087_Trip_Swait.pdf,4
Trip Swait,9741 Mandrake Hill,West Palm Beach,Florida,33405,tswait2e@abc.net.au,561-207-8301,LOAN-0087,Education,4109,11998.08,48,400%,TRX-LOAN-0087-005,27-10-2022,5,48,Bank Transfer,249.96,1249.8,10748.28,Late,CUST-0087_Trip_Swait.pdf,5
Trip Swait,9741 Mandrake Hill,West Palm Beach,Florida,33405,tswait2e@abc.net.au,561-207-8301,LOAN-0087,Education,4109,11998.08,48,400%,TRX-LOAN-0087-006,20-11-2022,6,48,Bank Transfer,249.96,1499.76,10498.32,Paid,CUST-0087_Trip_Swait.pdf,6
Trip Swait,9741 Mandrake Hill,West Palm Beach,Florida,33405,tswait2e@abc.net.au,561-207-8301,LOAN-0087,Education,4109,11998.08,48,400%,TRX-LOAN-0087-007,21-12-2022,7,48,Auto Debit,249.96,1749.72,10248.36,Paid,CUST-0087_Trip_Swait.pdf,7
Trip Swait,9741 Mandrake Hill,West Palm Beach,Florida,33405,tswait2e@abc.net.au,561-207-8301,LOAN-0087,Education,4109,11998.08,48,400%,TRX-LOAN-0087-008,22-01-2023,8,48,Auto Debit,249.96,1999.68,9998.4,Paid,CUST-0087_Trip_Swait.pdf,8
Trip Swait,9741 Mandrake Hill,West Palm Beach,Florida,33405,tswait2e@abc.net.au,561-207-8301,LOAN-0087,Education,4109,11998.08,48,400%,TRX-LOAN-0087-009,24-02-2023,9,48,Bank Transfer,249.96,2249.64,9748.44,Paid,CUST-0087_Trip_Swait.pdf,9
Trip Swait,9741 Mandrake Hill,West Palm Beach,Florida,33405,tswait2e@abc.net.au,561-207-8301,LOAN-0087,Education,4109,11998.08,48,400%,TRX-LOAN-0087-010,31-03-2023,10,48,Bank Transfer,249.96,2499.6,9498.48,Late,CUST-0087_Trip_Swait.pdf,10
Trip Swait,9741 Mandrake Hill,West Palm Beach,Florida,33405,tswait2e@abc.net.au,561-207-8301,LOAN-0087,Education,4109,11998.08,48,400%,TRX-LOAN-0087-011,06-05-2023,11,48,Bank Transfer,249.96,2749.56,9248.52,Late,CUST-0087_Trip_Swait.pdf,11
Trip Swait,9741 Mandrake Hill,West Palm Beach,Florida,33405,tswait2e@abc.net.au,561-207-8301,LOAN-0087,Education,4109,11998.08,48,400%,TRX-LOAN-0087-012,20-05-2023,12,48,Bank Transfer,249.96,2999.52,8998.56,Paid,CUST-0087_Trip_Swait.pdf,12
Trip Swait,9741 Mandrake Hill,West Palm Beach,Florida,33405,tswait2e@abc.net.au,561-207-8301,LOAN-0087,Education,4109,11998.08,48,400%,TRX-LOAN-0087-013,06-07-2023,13,48,Bank Transfer,249.96,3249.48,8748.6,Late,CUST-0087_Trip_Swait.pdf,13
Trip Swait,9741 Mandrake Hill,West Palm Beach,Florida,33405,tswait2e@abc.net.au,561-207-8301,LOAN-0087,Education,4109,11998.08,48,400%,TRX-LOAN-0087-014,24-07-2023,14,48,Auto Debit,249.96,3499.44,8498.64,Paid,CUST-0087_Trip_Swait.pdf,14
Trip Swait,9741 Mandrake Hill,West Palm Beach,Florida,33405,tswait2e@abc.net.au,561-207-8301,LOAN-0087,Education,4109,11998.08,48,400%,TRX-LOAN-0087-015,20-08-2023,15,48,Auto Debit,249.96,3749.4,8248.68,Paid,CUST-0087_Trip_Swait.pdf,15
Trip Swait,9741 Mandrake Hill,West Palm Beach,Florida,33405,tswait2e@abc.net.au,561-207-8301,LOAN-0087,Education,4109,11998.08,48,400%,TRX-LOAN-0087-016,24-09-2023,16,48,Auto Debit,249.96,3999.36,7998.72,Paid,CUST-0087_Trip_Swait.pdf,16
Trip Swait,9741 Mandrake Hill,West Palm Beach,Florida,33405,tswait2e@abc.net.au,561-207-8301,LOAN-0087,Education,4109,11998.08,48,400%,TRX-LOAN-0087-017,20-10-2023,17,48,Bank Transfer,249.96,4249.32,7748.76,Paid,CUST-0087_Trip_Swait.pdf,17
Trip Swait,9741 Mandrake Hill,West Palm Beach,Florida,33405,tswait2e@abc.net.au,561-207-8301,LOAN-0087,Education,4109,11998.08,48,400%,TRX-LOAN-0087-018,24-11-2023,18,48,Virtual Account,249.96,4499.28,7498.8,Paid,CUST-0087_Trip_Swait.pdf,18
Trip Swait,9741 Mandrake Hill,West Palm Beach,Florida,33405,tswait2e@abc.net.au,561-207-8301,LOAN-0087,Education,4109,11998.08,48,400%,TRX-LOAN-0087-019,22-12-2023,19,48,Virtual Account,249.96,4749.24,7248.84,Paid,CUST-0087_Trip_Swait.pdf,19
Trip Swait,9741 Mandrake Hill,West Palm Beach,Florida,33405,tswait2e@abc.net.au,561-207-8301,LOAN-0087,Education,4109,11998.08,48,400%,TRX-LOAN-0087-020,04-02-2024,20,48,Virtual Account,249.96,4999.2,6998.88,Late,CUST-0087_Trip_Swait.pdf,20
Trip Swait,9741 Mandrake Hill,West Palm Beach,Florida,33405,tswait2e@abc.net.au,561-207-8301,LOAN-0087,Education,4109,11998.08,48,400%,TRX-LOAN-0087-021,20-02-2024,21,48,Auto Debit,249.96,5249.16,6748.92,Paid,CUST-0087_Trip_Swait.pdf,21
Trip Swait,9741 Mandrake Hill,West Palm Beach,Florida,33405,tswait2e@abc.net.au,561-207-8301,LOAN-0087,Education,4109,11998.08,48,400%,TRX-LOAN-0087-022,24-03-2024,22,48,Virtual Account,249.96,5499.12,6498.96,Paid,CUST-0087_Trip_Swait.pdf,22
Trip Swait,9741 Mandrake Hill,West Palm Beach,Florida,33405,tswait2e@abc.net.au,561-207-8301,LOAN-0087,Education,4109,11998.08,48,400%,TRX-LOAN-0087-023,27-04-2024,23,48,Virtual Account,249.96,5749.08,6249,Late,CUST-0087_Trip_Swait.pdf,23
Trip Swait,9741 Mandrake Hill,West Palm Beach,Florida,33405,tswait2e@abc.net.au,561-207-8301,LOAN-0087,Education,4109,11998.08,48,400%,TRX-LOAN-0087-024,24-05-2024,24,48,Auto Debit,249.96,5999.04,5999.04,Paid,CUST-0087_Trip_Swait.pdf,24
Trip Swait,9741 Mandrake Hill,West Palm Beach,Florida,33405,tswait2e@abc.net.au,561-207-8301,LOAN-0087,Education,4109,11998.08,48,400%,TRX-LOAN-0087-025,20-06-2024,25,48,Bank Transfer,249.96,6249,5749.08,Paid,CUST-0087_Trip_Swait.pdf,25
Trip Swait,9741 Mandrake Hill,West Palm Beach,Florida,33405,tswait2e@abc.net.au,561-207-8301,LOAN-0087,Education,4109,11998.08,48,400%,TRX-LOAN-0087-026,24-07-2024,26,48,Bank Transfer,249.96,6498.96,5499.12,Paid,CUST-0087_Trip_Swait.pdf,26
Trip Swait,9741 Mandrake Hill,West Palm Beach,Florida,33405,tswait2e@abc.net.au,561-207-8301,LOAN-0087,Education,4109,11998.08,48,400%,TRX-LOAN-0087-027,20-08-2024,27,48,Virtual Account,249.96,6748.92,5249.16,Paid,CUST-0087_Trip_Swait.pdf,27
Trip Swait,9741 Mandrake Hill,West Palm Beach,Florida,33405,tswait2e@abc.net.au,561-207-8301,LOAN-0087,Education,4109,11998.08,48,400%,TRX-LOAN-0087-028,23-09-2024,28,48,Virtual Account,249.96,6998.88,4999.2,Paid,CUST-0087_Trip_Swait.pdf,28
Trip Swait,9741 Mandrake Hill,West Palm Beach,Florida,33405,tswait2e@abc.net.au,561-207-8301,LOAN-0087,Education,4109,11998.08,48,400%,TRX-LOAN-0087-029,24-10-2024,29,48,Bank Transfer,249.96,7248.84,4749.24,Paid,CUST-0087_Trip_Swait.pdf,29
Trip Swait,9741 Mandrake Hill,West Palm Beach,Florida,33405,tswait2e@abc.net.au,561-207-8301,LOAN-0087,Education,4109,11998.08,48,400%,TRX-LOAN-0087-030,22-11-2024,30,48,Bank Transfer,249.96,7498.8,4499.28,Paid,CUST-0087_Trip_Swait.pdf,30
Trip Swait,9741 Mandrake Hill,West Palm Beach,Florida,33405,tswait2e@abc.net.au,561-207-8301,LOAN-0087,Education,4109,11998.08,48,400%,TRX-LOAN-0087-031,21-12-2024,31,48,Virtual Account,249.96,7748.76,4249.32,Paid,CUST-0087_Trip_Swait.pdf,31
Trip Swait,9741 Mandrake Hill,West Palm Beach,Florida,33405,tswait2e@abc.net.au,561-207-8301,LOAN-0087,Education,4109,11998.08,48,400%,TRX-LOAN-0087-032,24-01-2025,32,48,Virtual Account,249.96,7998.72,3999.36,Paid,CUST-0087_Trip_Swait.pdf,32
Trip Swait,9741 Mandrake Hill,West Palm Beach,Florida,33405,tswait2e@abc.net.au,561-207-8301,LOAN-0087,Education,4109,11998.08,48,400%,TRX-LOAN-0087-033,10-03-2025,33,48,Virtual Account,249.96,8248.68,3749.4,Late,CUST-0087_Trip_Swait.pdf,33
Trip Swait,9741 Mandrake Hill,West Palm Beach,Florida,33405,tswait2e@abc.net.au,561-207-8301,LOAN-0087,Education,4109,11998.08,48,400%,TRX-LOAN-0087-034,24-03-2025,34,48,Auto Debit,249.96,8498.64,3499.44,Paid,CUST-0087_Trip_Swait.pdf,34
Trip Swait,9741 Mandrake Hill,West Palm Beach,Florida,33405,tswait2e@abc.net.au,561-207-8301,LOAN-0087,Education,4109,11998.08,48,400%,TRX-LOAN-0087-035,20-04-2025,35,48,Auto Debit,249.96,8748.6,3249.48,Paid,CUST-0087_Trip_Swait.pdf,35
Trip Swait,9741 Mandrake Hill,West Palm Beach,Florida,33405,tswait2e@abc.net.au,561-207-8301,LOAN-0087,Education,4109,11998.08,48,400%,TRX-LOAN-0087-036,23-05-2025,36,48,Bank Transfer,249.96,8998.56,2999.52,Paid,CUST-0087_Trip_Swait.pdf,36
Trip Swait,9741 Mandrake Hill,West Palm Beach,Florida,33405,tswait2e@abc.net.au,561-207-8301,LOAN-0087,Education,4109,11998.08,48,400%,TRX-LOAN-0087-037,21-06-2025,37,48,Bank Transfer,249.96,9248.52,2749.56,Paid,CUST-0087_Trip_Swait.pdf,37
Trip Swait,9741 Mandrake Hill,West Palm Beach,Florida,33405,tswait2e@abc.net.au,561-207-8301,LOAN-0087,Education,4109,11998.08,48,400%,TRX-LOAN-0087-038,21-07-2025,38,48,Virtual Account,249.96,9498.48,2499.6,Paid,CUST-0087_Trip_Swait.pdf,38
Trip Swait,9741 Mandrake Hill,West Palm Beach,Florida,33405,tswait2e@abc.net.au,561-207-8301,LOAN-0087,Education,4109,11998.08,48,400%,TRX-LOAN-0087-039,20-08-2025,39,48,Bank Transfer,249.96,9748.44,2249.64,Paid,CUST-0087_Trip_Swait.pdf,39
Trip Swait,9741 Mandrake Hill,West Palm Beach,Florida,33405,tswait2e@abc.net.au,561-207-8301,LOAN-0087,Education,4109,11998.08,48,400%,TRX-LOAN-0087-040,21-09-2025,40,48,Auto Debit,249.96,9998.4,1999.68,Paid,CUST-0087_Trip_Swait.pdf,40
Trip Swait,9741 Mandrake Hill,West Palm Beach,Florida,33405,tswait2e@abc.net.au,561-207-8301,LOAN-0087,Education,4109,11998.08,48,400%,TRX-LOAN-0087-041,27-10-2025,41,48,Virtual Account,249.96,10248.36,1749.72,Late,CUST-0087_Trip_Swait.pdf,41
Trip Swait,9741 Mandrake Hill,West Palm Beach,Florida,33405,tswait2e@abc.net.au,561-207-8301,LOAN-0087,Education,4109,11998.08,48,400%,TRX-LOAN-0087-042,24-11-2025,42,48,Virtual Account,249.96,10498.32,1499.76,Paid,CUST-0087_Trip_Swait.pdf,42
Trip Swait,9741 Mandrake Hill,West Palm Beach,Florida,33405,tswait2e@abc.net.au,561-207-8301,LOAN-0087,Education,4109,11998.08,48,400%,TRX-LOAN-0087-043,23-12-2025,43,48,Auto Debit,249.96,10748.28,1249.8,Paid,CUST-0087_Trip_Swait.pdf,43
Trip Swait,9741 Mandrake Hill,West Palm Beach,Florida,33405,tswait2e@abc.net.au,561-207-8301,LOAN-0087,Education,4109,11998.08,48,400%,TRX-LOAN-0087-044,24-01-2026,44,48,Auto Debit,249.96,10998.24,999.84,Paid,CUST-0087_Trip_Swait.pdf,44
Trip Swait,9741 Mandrake Hill,West Palm Beach,Florida,33405,tswait2e@abc.net.au,561-207-8301,LOAN-0087,Education,4109,11998.08,48,400%,TRX-LOAN-0087-045,23-02-2026,45,48,Auto Debit,249.96,11248.2,749.88,Paid,CUST-0087_Trip_Swait.pdf,45
Trip Swait,9741 Mandrake Hill,West Palm Beach,Florida,33405,tswait2e@abc.net.au,561-207-8301,LOAN-0087,Education,4109,11998.08,48,400%,TRX-LOAN-0087-046,23-03-2026,46,48,Virtual Account,249.96,11498.16,499.92,Paid,CUST-0087_Trip_Swait.pdf,46
Trip Swait,9741 Mandrake Hill,West Palm Beach,Florida,33405,tswait2e@abc.net.au,561-207-8301,LOAN-0087,Education,4109,11998.08,48,400%,TRX-LOAN-0087-047,20-04-2026,47,48,Auto Debit,249.96,11748.12,249.96,Paid,CUST-0087_Trip_Swait.pdf,47
Trip Swait,9741 Mandrake Hill,West Palm Beach,Florida,33405,tswait2e@abc.net.au,561-207-8301,LOAN-0087,Education,4109,11998.08,48,400%,TRX-LOAN-0087-048,05-06-2026,48,48,Virtual Account,249.96,11998.08,0,Late,CUST-0087_Trip_Swait.pdf,48
Eula Swarbrick,8 Glacier Hill Junction,Saint Paul,Minnesota,55123,eswarbrick2f@mozilla.org,651-951-4631,LOAN-0088,Education,33991,53705.68,29,200%,TRX-LOAN-0088-001,27-02-2022,1,29,Bank Transfer,1851.92,1851.92,51853.76,Paid,CUST-0088_Eula_Swarbrick.pdf,1
Eula Swarbrick,8 Glacier Hill Junction,Saint Paul,Minnesota,55123,eswarbrick2f@mozilla.org,651-951-4631,LOAN-0088,Education,33991,53705.68,29,200%,TRX-LOAN-0088-002,27-03-2022,2,29,Bank Transfer,1851.92,3703.84,50001.84,Paid,CUST-0088_Eula_Swarbrick.pdf,2
Eula Swarbrick,8 Glacier Hill Junction,Saint Paul,Minnesota,55123,eswarbrick2f@mozilla.org,651-951-4631,LOAN-0088,Education,33991,53705.68,29,200%,TRX-LOAN-0088-003,28-04-2022,3,29,Virtual Account,1851.92,5555.76,48149.92,Paid,CUST-0088_Eula_Swarbrick.pdf,3
Eula Swarbrick,8 Glacier Hill Junction,Saint Paul,Minnesota,55123,eswarbrick2f@mozilla.org,651-951-4631,LOAN-0088,Education,33991,53705.68,29,200%,TRX-LOAN-0088-004,04-06-2022,4,29,Auto Debit,1851.92,7407.68,46298,Late,CUST-0088_Eula_Swarbrick.pdf,4
Eula Swarbrick,8 Glacier Hill Junction,Saint Paul,Minnesota,55123,eswarbrick2f@mozilla.org,651-951-4631,LOAN-0088,Education,33991,53705.68,29,200%,TRX-LOAN-0088-005,26-06-2022,5,29,Bank Transfer,1851.92,9259.6,44446.08,Paid,CUST-0088_Eula_Swarbrick.pdf,5
Eula Swarbrick,8 Glacier Hill Junction,Saint Paul,Minnesota,55123,eswarbrick2f@mozilla.org,651-951-4631,LOAN-0088,Education,33991,53705.68,29,200%,TRX-LOAN-0088-006,10-08-2022,6,29,Auto Debit,1851.92,11111.52,42594.16,Late,CUST-0088_Eula_Swarbrick.pdf,6
Eula Swarbrick,8 Glacier Hill Junction,Saint Paul,Minnesota,55123,eswarbrick2f@mozilla.org,651-951-4631,LOAN-0088,Education,33991,53705.68,29,200%,TRX-LOAN-0088-007,26-08-2022,7,29,Bank Transfer,1851.92,12963.44,40742.24,Paid,CUST-0088_Eula_Swarbrick.pdf,7
Eula Swarbrick,8 Glacier Hill Junction,Saint Paul,Minnesota,55123,eswarbrick2f@mozilla.org,651-951-4631,LOAN-0088,Education,33991,53705.68,29,200%,TRX-LOAN-0088-008,29-09-2022,8,29,Auto Debit,1851.92,14815.36,38890.32,Paid,CUST-0088_Eula_Swarbrick.pdf,8
Eula Swarbrick,8 Glacier Hill Junction,Saint Paul,Minnesota,55123,eswarbrick2f@mozilla.org,651-951-4631,LOAN-0088,Education,33991,53705.68,29,200%,TRX-LOAN-0088-009,25-10-2022,9,29,Auto Debit,1851.92,16667.28,37038.4,Paid,CUST-0088_Eula_Swarbrick.pdf,9
Eula Swarbrick,8 Glacier Hill Junction,Saint Paul,Minnesota,55123,eswarbrick2f@mozilla.org,651-951-4631,LOAN-0088,Education,33991,53705.68,29,200%,TRX-LOAN-0088-010,27-11-2022,10,29,Auto Debit,1851.92,18519.2,35186.48,Paid,CUST-0088_Eula_Swarbrick.pdf,10
Eula Swarbrick,8 Glacier Hill Junction,Saint Paul,Minnesota,55123,eswarbrick2f@mozilla.org,651-951-4631,LOAN-0088,Education,33991,53705.68,29,200%,TRX-LOAN-0088-011,25-12-2022,11,29,Bank Transfer,1851.92,20371.12,33334.56,Paid,CUST-0088_Eula_Swarbrick.pdf,11
Eula Swarbrick,8 Glacier Hill Junction,Saint Paul,Minnesota,55123,eswarbrick2f@mozilla.org,651-951-4631,LOAN-0088,Education,33991,53705.68,29,200%,TRX-LOAN-0088-012,29-01-2023,12,29,Virtual Account,1851.92,22223.04,31482.64,Paid,CUST-0088_Eula_Swarbrick.pdf,12
Eula Swarbrick,8 Glacier Hill Junction,Saint Paul,Minnesota,55123,eswarbrick2f@mozilla.org,651-951-4631,LOAN-0088,Education,33991,53705.68,29,200%,TRX-LOAN-0088-013,26-02-2023,13,29,Bank Transfer,1851.92,24074.96,29630.72,Paid,CUST-0088_Eula_Swarbrick.pdf,13
Eula Swarbrick,8 Glacier Hill Junction,Saint Paul,Minnesota,55123,eswarbrick2f@mozilla.org,651-951-4631,LOAN-0088,Education,33991,53705.68,29,200%,TRX-LOAN-0088-014,28-03-2023,14,29,Bank Transfer,1851.92,25926.88,27778.8,Paid,CUST-0088_Eula_Swarbrick.pdf,14
Eula Swarbrick,8 Glacier Hill Junction,Saint Paul,Minnesota,55123,eswarbrick2f@mozilla.org,651-951-4631,LOAN-0088,Education,33991,53705.68,29,200%,TRX-LOAN-0088-015,30-04-2023,15,29,Auto Debit,1851.92,27778.8,25926.88,Late,CUST-0088_Eula_Swarbrick.pdf,15
Eula Swarbrick,8 Glacier Hill Junction,Saint Paul,Minnesota,55123,eswarbrick2f@mozilla.org,651-951-4631,LOAN-0088,Education,33991,53705.68,29,200%,TRX-LOAN-0088-016,27-05-2023,16,29,Virtual Account,1851.92,29630.72,24074.96,Paid,CUST-0088_Eula_Swarbrick.pdf,16
Eula Swarbrick,8 Glacier Hill Junction,Saint Paul,Minnesota,55123,eswarbrick2f@mozilla.org,651-951-4631,LOAN-0088,Education,33991,53705.68,29,200%,TRX-LOAN-0088-017,27-06-2023,17,29,Auto Debit,1851.92,31482.64,22223.04,Paid,CUST-0088_Eula_Swarbrick.pdf,17
Eula Swarbrick,8 Glacier Hill Junction,Saint Paul,Minnesota,55123,eswarbrick2f@mozilla.org,651-951-4631,LOAN-0088,Education,33991,53705.68,29,200%,TRX-LOAN-0088-018,28-07-2023,18,29,Bank Transfer,1851.92,33334.56,20371.12,Paid,CUST-0088_Eula_Swarbrick.pdf,18
Eula Swarbrick,8 Glacier Hill Junction,Saint Paul,Minnesota,55123,eswarbrick2f@mozilla.org,651-951-4631,LOAN-0088,Education,33991,53705.68,29,200%,TRX-LOAN-0088-019,02-09-2023,19,29,Auto Debit,1851.92,35186.48,18519.2,Late,CUST-0088_Eula_Swarbrick.pdf,19
Eula Swarbrick,8 Glacier Hill Junction,Saint Paul,Minnesota,55123,eswarbrick2f@mozilla.org,651-951-4631,LOAN-0088,Education,33991,53705.68,29,200%,TRX-LOAN-0088-020,28-09-2023,20,29,Virtual Account,1851.92,37038.4,16667.28,Paid,CUST-0088_Eula_Swarbrick.pdf,20
Eula Swarbrick,8 Glacier Hill Junction,Saint Paul,Minnesota,55123,eswarbrick2f@mozilla.org,651-951-4631,LOAN-0088,Education,33991,53705.68,29,200%,TRX-LOAN-0088-021,27-10-2023,21,29,Bank Transfer,1851.92,38890.32,14815.36,Paid,CUST-0088_Eula_Swarbrick.pdf,21
Eula Swarbrick,8 Glacier Hill Junction,Saint Paul,Minnesota,55123,eswarbrick2f@mozilla.org,651-951-4631,LOAN-0088,Education,33991,53705.68,29,200%,TRX-LOAN-0088-022,27-11-2023,22,29,Virtual Account,1851.92,40742.24,12963.44,Paid,CUST-0088_Eula_Swarbrick.pdf,22
Eula Swarbrick,8 Glacier Hill Junction,Saint Paul,Minnesota,55123,eswarbrick2f@mozilla.org,651-951-4631,LOAN-0088,Education,33991,53705.68,29,200%,TRX-LOAN-0088-023,25-12-2023,23,29,Virtual Account,1851.92,42594.16,11111.52,Paid,CUST-0088_Eula_Swarbrick.pdf,23
Eula Swarbrick,8 Glacier Hill Junction,Saint Paul,Minnesota,55123,eswarbrick2f@mozilla.org,651-951-4631,LOAN-0088,Education,33991,53705.68,29,200%,TRX-LOAN-0088-024,28-01-2024,24,29,Bank Transfer,1851.92,44446.08,9259.6,Paid,CUST-0088_Eula_Swarbrick.pdf,24
Eula Swarbrick,8 Glacier Hill Junction,Saint Paul,Minnesota,55123,eswarbrick2f@mozilla.org,651-951-4631,LOAN-0088,Education,33991,53705.68,29,200%,TRX-LOAN-0088-025,25-02-2024,25,29,Virtual Account,1851.92,46298,7407.68,Paid,CUST-0088_Eula_Swarbrick.pdf,25
Eula Swarbrick,8 Glacier Hill Junction,Saint Paul,Minnesota,55123,eswarbrick2f@mozilla.org,651-951-4631,LOAN-0088,Education,33991,53705.68,29,200%,TRX-LOAN-0088-026,01-04-2024,26,29,Bank Transfer,1851.92,48149.92,5555.76,Late,CUST-0088_Eula_Swarbrick.pdf,26
Eula Swarbrick,8 Glacier Hill Junction,Saint Paul,Minnesota,55123,eswarbrick2f@mozilla.org,651-951-4631,LOAN-0088,Education,33991,53705.68,29,200%,TRX-LOAN-0088-027,28-04-2024,27,29,Auto Debit,1851.92,50001.84,3703.84,Paid,CUST-0088_Eula_Swarbrick.pdf,27
Eula Swarbrick,8 Glacier Hill Junction,Saint Paul,Minnesota,55123,eswarbrick2f@mozilla.org,651-951-4631,LOAN-0088,Education,33991,53705.68,29,200%,TRX-LOAN-0088-028,29-05-2024,28,29,Bank Transfer,1851.92,51853.76,1851.92,Paid,CUST-0088_Eula_Swarbrick.pdf,28
Eula Swarbrick,8 Glacier Hill Junction,Saint Paul,Minnesota,55123,eswarbrick2f@mozilla.org,651-951-4631,LOAN-0088,Education,33991,53705.68,29,200%,TRX-LOAN-0088-029,29-06-2024,29,29,Auto Debit,1851.92,53705.68,0,Paid,CUST-0088_Eula_Swarbrick.pdf,29
Inga Peirce,725 Florence Crossing,Dallas,Texas,75310,ipeirce2i@google.es,214-374-7922,LOAN-0091,Debt consolidation,66154,74092.48,4,300%,TRX-LOAN-0091-001,23-10-2022,1,4,Auto Debit,18523.12,18523.12,55569.36,Paid,CUST-0091_Inga_Peirce.pdf,1
Inga Peirce,725 Florence Crossing,Dallas,Texas,75310,ipeirce2i@google.es,214-374-7922,LOAN-0091,Debt consolidation,66154,74092.48,4,300%,TRX-LOAN-0091-002,26-11-2022,2,4,Auto Debit,18523.12,37046.24,37046.24,Paid,CUST-0091_Inga_Peirce.pdf,2
Inga Peirce,725 Florence Crossing,Dallas,Texas,75310,ipeirce2i@google.es,214-374-7922,LOAN-0091,Debt consolidation,66154,74092.48,4,300%,TRX-LOAN-0091-003,23-12-2022,3,4,Bank Transfer,18523.12,55569.36,18523.12,Paid,CUST-0091_Inga_Peirce.pdf,3
Inga Peirce,725 Florence Crossing,Dallas,Texas,75310,ipeirce2i@google.es,214-374-7922,LOAN-0091,Debt consolidation,66154,74092.48,4,300%,TRX-LOAN-0091-004,25-01-2023,4,4,Auto Debit,18523.12,74092.48,0,Paid,CUST-0091_Inga_Peirce.pdf,4
Ximenes Mebes,3257 Everett Way,Newark,New Jersey,7104,xmebes2n@foxnews.com,973-562-0659,LOAN-0096,Home improvement,29506,112122.92,28,100%,TRX-LOAN-0096-001,07-09-2022,1,28,Bank Transfer,4004.39,4004.39,108118.53,Paid,CUST-0096_Ximenes_Mebes.pdf,1
Ximenes Mebes,3257 Everett Way,Newark,New Jersey,7104,xmebes2n@foxnews.com,973-562-0659,LOAN-0096,Home improvement,29506,112122.92,28,100%,TRX-LOAN-0096-002,08-10-2022,2,28,Virtual Account,4004.39,8008.78,104114.14,Paid,CUST-0096_Ximenes_Mebes.pdf,2
Ximenes Mebes,3257 Everett Way,Newark,New Jersey,7104,xmebes2n@foxnews.com,973-562-0659,LOAN-0096,Home improvement,29506,112122.92,28,100%,TRX-LOAN-0096-003,08-11-2022,3,28,Auto Debit,4004.39,12013.17,100109.75,Paid,CUST-0096_Ximenes_Mebes.pdf,3
Ximenes Mebes,3257 Everett Way,Newark,New Jersey,7104,xmebes2n@foxnews.com,973-562-0659,LOAN-0096,Home improvement,29506,112122.92,28,100%,TRX-LOAN-0096-004,07-12-2022,4,28,Bank Transfer,4004.39,16017.56,96105.36,Paid,CUST-0096_Ximenes_Mebes.pdf,4
Ximenes Mebes,3257 Everett Way,Newark,New Jersey,7104,xmebes2n@foxnews.com,973-562-0659,LOAN-0096,Home improvement,29506,112122.92,28,100%,TRX-LOAN-0096-005,05-01-2023,5,28,Virtual Account,4004.39,20021.95,92100.97,Paid,CUST-0096_Ximenes_Mebes.pdf,5
Ximenes Mebes,3257 Everett Way,Newark,New Jersey,7104,xmebes2n@foxnews.com,973-562-0659,LOAN-0096,Home improvement,29506,112122.92,28,100%,TRX-LOAN-0096-006,05-02-2023,6,28,Bank Transfer,4004.39,24026.34,88096.58,Paid,CUST-0096_Ximenes_Mebes.pdf,6
Ximenes Mebes,3257 Everett Way,Newark,New Jersey,7104,xmebes2n@foxnews.com,973-562-0659,LOAN-0096,Home improvement,29506,112122.92,28,100%,TRX-LOAN-0096-007,23-03-2023,7,28,Auto Debit,4004.39,28030.73,84092.19,Late,CUST-0096_Ximenes_Mebes.pdf,7
Ximenes Mebes,3257 Everett Way,Newark,New Jersey,7104,xmebes2n@foxnews.com,973-562-0659,LOAN-0096,Home improvement,29506,112122.92,28,100%,TRX-LOAN-0096-008,04-04-2023,8,28,Virtual Account,4004.39,32035.12,80087.8,Paid,CUST-0096_Ximenes_Mebes.pdf,8
Ximenes Mebes,3257 Everett Way,Newark,New Jersey,7104,xmebes2n@foxnews.com,973-562-0659,LOAN-0096,Home improvement,29506,112122.92,28,100%,TRX-LOAN-0096-009,11-05-2023,9,28,Auto Debit,4004.39,36039.51,76083.41,Late,CUST-0096_Ximenes_Mebes.pdf,9
Ximenes Mebes,3257 Everett Way,Newark,New Jersey,7104,xmebes2n@foxnews.com,973-562-0659,LOAN-0096,Home improvement,29506,112122.92,28,100%,TRX-LOAN-0096-010,05-06-2023,10,28,Virtual Account,4004.39,40043.9,72079.02,Paid,CUST-0096_Ximenes_Mebes.pdf,10
Ximenes Mebes,3257 Everett Way,Newark,New Jersey,7104,xmebes2n@foxnews.com,973-562-0659,LOAN-0096,Home improvement,29506,112122.92,28,100%,TRX-LOAN-0096-011,07-07-2023,11,28,Auto Debit,4004.39,44048.29,68074.63,Paid,CUST-0096_Ximenes_Mebes.pdf,11
Ximenes Mebes,3257 Everett Way,Newark,New Jersey,7104,xmebes2n@foxnews.com,973-562-0659,LOAN-0096,Home improvement,29506,112122.92,28,100%,TRX-LOAN-0096-012,06-08-2023,12,28,Bank Transfer,4004.39,48052.68,64070.24,Paid,CUST-0096_Ximenes_Mebes.pdf,12
Ximenes Mebes,3257 Everett Way,Newark,New Jersey,7104,xmebes2n@foxnews.com,973-562-0659,LOAN-0096,Home improvement,29506,112122.92,28,100%,TRX-LOAN-0096-013,07-09-2023,13,28,Virtual Account,4004.39,52057.07,60065.85,Paid,CUST-0096_Ximenes_Mebes.pdf,13
Ximenes Mebes,3257 Everett Way,Newark,New Jersey,7104,xmebes2n@foxnews.com,973-562-0659,LOAN-0096,Home improvement,29506,112122.92,28,100%,TRX-LOAN-0096-014,19-10-2023,14,28,Bank Transfer,4004.39,56061.46,56061.46,Late,CUST-0096_Ximenes_Mebes.pdf,14
Ximenes Mebes,3257 Everett Way,Newark,New Jersey,7104,xmebes2n@foxnews.com,973-562-0659,LOAN-0096,Home improvement,29506,112122.92,28,100%,TRX-LOAN-0096-015,06-11-2023,15,28,Auto Debit,4004.39,60065.85,52057.07,Paid,CUST-0096_Ximenes_Mebes.pdf,15
Ximenes Mebes,3257 Everett Way,Newark,New Jersey,7104,xmebes2n@foxnews.com,973-562-0659,LOAN-0096,Home improvement,29506,112122.92,28,100%,TRX-LOAN-0096-016,23-12-2023,16,28,Virtual Account,4004.39,64070.24,48052.68,Late,CUST-0096_Ximenes_Mebes.pdf,16
Ximenes Mebes,3257 Everett Way,Newark,New Jersey,7104,xmebes2n@foxnews.com,973-562-0659,LOAN-0096,Home improvement,29506,112122.92,28,100%,TRX-LOAN-0096-017,08-01-2024,17,28,Virtual Account,4004.39,68074.63,44048.29,Paid,CUST-0096_Ximenes_Mebes.pdf,17
Ximenes Mebes,3257 Everett Way,Newark,New Jersey,7104,xmebes2n@foxnews.com,973-562-0659,LOAN-0096,Home improvement,29506,112122.92,28,100%,TRX-LOAN-0096-018,04-02-2024,18,28,Auto Debit,4004.39,72079.02,40043.9,Paid,CUST-0096_Ximenes_Mebes.pdf,18
Ximenes Mebes,3257 Everett Way,Newark,New Jersey,7104,xmebes2n@foxnews.com,973-562-0659,LOAN-0096,Home improvement,29506,112122.92,28,100%,TRX-LOAN-0096-019,05-03-2024,19,28,Bank Transfer,4004.39,76083.41,36039.51,Paid,CUST-0096_Ximenes_Mebes.pdf,19
Ximenes Mebes,3257 Everett Way,Newark,New Jersey,7104,xmebes2n@foxnews.com,973-562-0659,LOAN-0096,Home improvement,29506,112122.92,28,100%,TRX-LOAN-0096-020,05-04-2024,20,28,Virtual Account,4004.39,80087.8,32035.12,Paid,CUST-0096_Ximenes_Mebes.pdf,20
Ximenes Mebes,3257 Everett Way,Newark,New Jersey,7104,xmebes2n@foxnews.com,973-562-0659,LOAN-0096,Home improvement,29506,112122.92,28,100%,TRX-LOAN-0096-021,18-05-2024,21,28,Virtual Account,4004.39,84092.19,28030.73,Late,CUST-0096_Ximenes_Mebes.pdf,21
Ximenes Mebes,3257 Everett Way,Newark,New Jersey,7104,xmebes2n@foxnews.com,973-562-0659,LOAN-0096,Home improvement,29506,112122.92,28,100%,TRX-LOAN-0096-022,05-06-2024,22,28,Auto Debit,4004.39,88096.58,24026.34,Paid,CUST-0096_Ximenes_Mebes.pdf,22
Ximenes Mebes,3257 Everett Way,Newark,New Jersey,7104,xmebes2n@foxnews.com,973-562-0659,LOAN-0096,Home improvement,29506,112122.92,28,100%,TRX-LOAN-0096-023,04-07-2024,23,28,Bank Transfer,4004.39,92100.97,20021.95,Paid,CUST-0096_Ximenes_Mebes.pdf,23
Ximenes Mebes,3257 Everett Way,Newark,New Jersey,7104,xmebes2n@foxnews.com,973-562-0659,LOAN-0096,Home improvement,29506,112122.92,28,100%,TRX-LOAN-0096-024,08-08-2024,24,28,Bank Transfer,4004.39,96105.36,16017.56,Paid,CUST-0096_Ximenes_Mebes.pdf,24
Ximenes Mebes,3257 Everett Way,Newark,New Jersey,7104,xmebes2n@foxnews.com,973-562-0659,LOAN-0096,Home improvement,29506,112122.92,28,100%,TRX-LOAN-0096-025,04-09-2024,25,28,Bank Transfer,4004.39,100109.75,12013.17,Paid,CUST-0096_Ximenes_Mebes.pdf,25
Ximenes Mebes,3257 Everett Way,Newark,New Jersey,7104,xmebes2n@foxnews.com,973-562-0659,LOAN-0096,Home improvement,29506,112122.92,28,100%,TRX-LOAN-0096-026,18-10-2024,26,28,Virtual Account,4004.39,104114.14,8008.78,Late,CUST-0096_Ximenes_Mebes.pdf,26
Ximenes Mebes,3257 Everett Way,Newark,New Jersey,7104,xmebes2n@foxnews.com,973-562-0659,LOAN-0096,Home improvement,29506,112122.92,28,100%,TRX-LOAN-0096-027,08-11-2024,27,28,Auto Debit,4004.39,108118.53,4004.39,Paid,CUST-0096_Ximenes_Mebes.pdf,27
Ximenes Mebes,3257 Everett Way,Newark,New Jersey,7104,xmebes2n@foxnews.com,973-562-0659,LOAN-0096,Home improvement,29506,112122.92,28,100%,TRX-LOAN-0096-028,07-12-2024,28,28,Auto Debit,4004.39,112122.92,0,Paid,CUST-0096_Ximenes_Mebes.pdf,28
Cassi Barrable,4589 Hauk Place,Chicago,Illinois,60686,cbarrable2q@jiathis.com,312-381-7403,LOAN-0099,Home improvement,20049,79193.34,59,500%,TRX-LOAN-0099-001,21-04-2022,1,59,Auto Debit,1342.26,1342.26,77851.08,Paid,CUST-0099_Cassi_Barrable.pdf,1
Cassi Barrable,4589 Hauk Place,Chicago,Illinois,60686,cbarrable2q@jiathis.com,312-381-7403,LOAN-0099,Home improvement,20049,79193.34,59,500%,TRX-LOAN-0099-002,25-05-2022,2,59,Auto Debit,1342.26,2684.52,76508.82,Late,CUST-0099_Cassi_Barrable.pdf,2
Cassi Barrable,4589 Hauk Place,Chicago,Illinois,60686,cbarrable2q@jiathis.com,312-381-7403,LOAN-0099,Home improvement,20049,79193.34,59,500%,TRX-LOAN-0099-003,18-06-2022,3,59,Auto Debit,1342.26,4026.78,75166.56,Paid,CUST-0099_Cassi_Barrable.pdf,3
Cassi Barrable,4589 Hauk Place,Chicago,Illinois,60686,cbarrable2q@jiathis.com,312-381-7403,LOAN-0099,Home improvement,20049,79193.34,59,500%,TRX-LOAN-0099-004,21-07-2022,4,59,Bank Transfer,1342.26,5369.04,73824.3,Paid,CUST-0099_Cassi_Barrable.pdf,4
Cassi Barrable,4589 Hauk Place,Chicago,Illinois,60686,cbarrable2q@jiathis.com,312-381-7403,LOAN-0099,Home improvement,20049,79193.34,59,500%,TRX-LOAN-0099-005,17-08-2022,5,59,Bank Transfer,1342.26,6711.3,72482.04,Paid,CUST-0099_Cassi_Barrable.pdf,5
Cassi Barrable,4589 Hauk Place,Chicago,Illinois,60686,cbarrable2q@jiathis.com,312-381-7403,LOAN-0099,Home improvement,20049,79193.34,59,500%,TRX-LOAN-0099-006,18-09-2022,6,59,Auto Debit,1342.26,8053.56,71139.78,Paid,CUST-0099_Cassi_Barrable.pdf,6
Cassi Barrable,4589 Hauk Place,Chicago,Illinois,60686,cbarrable2q@jiathis.com,312-381-7403,LOAN-0099,Home improvement,20049,79193.34,59,500%,TRX-LOAN-0099-007,19-10-2022,7,59,Auto Debit,1342.26,9395.82,69797.52,Paid,CUST-0099_Cassi_Barrable.pdf,7
Cassi Barrable,4589 Hauk Place,Chicago,Illinois,60686,cbarrable2q@jiathis.com,312-381-7403,LOAN-0099,Home improvement,20049,79193.34,59,500%,TRX-LOAN-0099-008,17-11-2022,8,59,Virtual Account,1342.26,10738.08,68455.26,Paid,CUST-0099_Cassi_Barrable.pdf,8
Cassi Barrable,4589 Hauk Place,Chicago,Illinois,60686,cbarrable2q@jiathis.com,312-381-7403,LOAN-0099,Home improvement,20049,79193.34,59,500%,TRX-LOAN-0099-009,19-12-2022,9,59,Bank Transfer,1342.26,12080.34,67113,Paid,CUST-0099_Cassi_Barrable.pdf,9
Cassi Barrable,4589 Hauk Place,Chicago,Illinois,60686,cbarrable2q@jiathis.com,312-381-7403,LOAN-0099,Home improvement,20049,79193.34,59,500%,TRX-LOAN-0099-010,04-02-2023,10,59,Virtual Account,1342.26,13422.6,65770.74,Late,CUST-0099_Cassi_Barrable.pdf,10
Cassi Barrable,4589 Hauk Place,Chicago,Illinois,60686,cbarrable2q@jiathis.com,312-381-7403,LOAN-0099,Home improvement,20049,79193.34,59,500%,TRX-LOAN-0099-011,20-02-2023,11,59,Virtual Account,1342.26,14764.86,64428.48,Paid,CUST-0099_Cassi_Barrable.pdf,11
Cassi Barrable,4589 Hauk Place,Chicago,Illinois,60686,cbarrable2q@jiathis.com,312-381-7403,LOAN-0099,Home improvement,20049,79193.34,59,500%,TRX-LOAN-0099-012,18-03-2023,12,59,Bank Transfer,1342.26,16107.12,63086.22,Paid,CUST-0099_Cassi_Barrable.pdf,12
Cassi Barrable,4589 Hauk Place,Chicago,Illinois,60686,cbarrable2q@jiathis.com,312-381-7403,LOAN-0099,Home improvement,20049,79193.34,59,500%,TRX-LOAN-0099-013,18-04-2023,13,59,Bank Transfer,1342.26,17449.38,61743.96,Paid,CUST-0099_Cassi_Barrable.pdf,13
Cassi Barrable,4589 Hauk Place,Chicago,Illinois,60686,cbarrable2q@jiathis.com,312-381-7403,LOAN-0099,Home improvement,20049,79193.34,59,500%,TRX-LOAN-0099-014,02-06-2023,14,59,Auto Debit,1342.26,18791.64,60401.7,Late,CUST-0099_Cassi_Barrable.pdf,14
Cassi Barrable,4589 Hauk Place,Chicago,Illinois,60686,cbarrable2q@jiathis.com,312-381-7403,LOAN-0099,Home improvement,20049,79193.34,59,500%,TRX-LOAN-0099-015,20-06-2023,15,59,Auto Debit,1342.26,20133.9,59059.44,Paid,CUST-0099_Cassi_Barrable.pdf,15
Cassi Barrable,4589 Hauk Place,Chicago,Illinois,60686,cbarrable2q@jiathis.com,312-381-7403,LOAN-0099,Home improvement,20049,79193.34,59,500%,TRX-LOAN-0099-016,24-07-2023,16,59,Bank Transfer,1342.26,21476.16,57717.18,Late,CUST-0099_Cassi_Barrable.pdf,16
Cassi Barrable,4589 Hauk Place,Chicago,Illinois,60686,cbarrable2q@jiathis.com,312-381-7403,LOAN-0099,Home improvement,20049,79193.34,59,500%,TRX-LOAN-0099-017,19-08-2023,17,59,Auto Debit,1342.26,22818.42,56374.92,Paid,CUST-0099_Cassi_Barrable.pdf,17
Cassi Barrable,4589 Hauk Place,Chicago,Illinois,60686,cbarrable2q@jiathis.com,312-381-7403,LOAN-0099,Home improvement,20049,79193.34,59,500%,TRX-LOAN-0099-018,04-10-2023,18,59,Virtual Account,1342.26,24160.68,55032.66,Late,CUST-0099_Cassi_Barrable.pdf,18
Cassi Barrable,4589 Hauk Place,Chicago,Illinois,60686,cbarrable2q@jiathis.com,312-381-7403,LOAN-0099,Home improvement,20049,79193.34,59,500%,TRX-LOAN-0099-019,18-10-2023,19,59,Virtual Account,1342.26,25502.94,53690.4,Paid,CUST-0099_Cassi_Barrable.pdf,19
Cassi Barrable,4589 Hauk Place,Chicago,Illinois,60686,cbarrable2q@jiathis.com,312-381-7403,LOAN-0099,Home improvement,20049,79193.34,59,500%,TRX-LOAN-0099-020,19-11-2023,20,59,Auto Debit,1342.26,26845.2,52348.14,Paid,CUST-0099_Cassi_Barrable.pdf,20
Cassi Barrable,4589 Hauk Place,Chicago,Illinois,60686,cbarrable2q@jiathis.com,312-381-7403,LOAN-0099,Home improvement,20049,79193.34,59,500%,TRX-LOAN-0099-021,20-12-2023,21,59,Virtual Account,1342.26,28187.46,51005.88,Paid,CUST-0099_Cassi_Barrable.pdf,21
Cassi Barrable,4589 Hauk Place,Chicago,Illinois,60686,cbarrable2q@jiathis.com,312-381-7403,LOAN-0099,Home improvement,20049,79193.34,59,500%,TRX-LOAN-0099-022,21-01-2024,22,59,Virtual Account,1342.26,29529.72,49663.62,Paid,CUST-0099_Cassi_Barrable.pdf,22
Cassi Barrable,4589 Hauk Place,Chicago,Illinois,60686,cbarrable2q@jiathis.com,312-381-7403,LOAN-0099,Home improvement,20049,79193.34,59,500%,TRX-LOAN-0099-023,21-02-2024,23,59,Bank Transfer,1342.26,30871.98,48321.36,Paid,CUST-0099_Cassi_Barrable.pdf,23
Cassi Barrable,4589 Hauk Place,Chicago,Illinois,60686,cbarrable2q@jiathis.com,312-381-7403,LOAN-0099,Home improvement,20049,79193.34,59,500%,TRX-LOAN-0099-024,21-03-2024,24,59,Auto Debit,1342.26,32214.24,46979.1,Paid,CUST-0099_Cassi_Barrable.pdf,24
Cassi Barrable,4589 Hauk Place,Chicago,Illinois,60686,cbarrable2q@jiathis.com,312-381-7403,LOAN-0099,Home improvement,20049,79193.34,59,500%,TRX-LOAN-0099-025,19-04-2024,25,59,Auto Debit,1342.26,33556.5,45636.84,Paid,CUST-0099_Cassi_Barrable.pdf,25
Cassi Barrable,4589 Hauk Place,Chicago,Illinois,60686,cbarrable2q@jiathis.com,312-381-7403,LOAN-0099,Home improvement,20049,79193.34,59,500%,TRX-LOAN-0099-026,17-05-2024,26,59,Auto Debit,1342.26,34898.76,44294.58,Paid,CUST-0099_Cassi_Barrable.pdf,26
Cassi Barrable,4589 Hauk Place,Chicago,Illinois,60686,cbarrable2q@jiathis.com,312-381-7403,LOAN-0099,Home improvement,20049,79193.34,59,500%,TRX-LOAN-0099-027,19-06-2024,27,59,Virtual Account,1342.26,36241.02,42952.32,Paid,CUST-0099_Cassi_Barrable.pdf,27
Cassi Barrable,4589 Hauk Place,Chicago,Illinois,60686,cbarrable2q@jiathis.com,312-381-7403,LOAN-0099,Home improvement,20049,79193.34,59,500%,TRX-LOAN-0099-028,21-07-2024,28,59,Virtual Account,1342.26,37583.28,41610.06,Paid,CUST-0099_Cassi_Barrable.pdf,28
Cassi Barrable,4589 Hauk Place,Chicago,Illinois,60686,cbarrable2q@jiathis.com,312-381-7403,LOAN-0099,Home improvement,20049,79193.34,59,500%,TRX-LOAN-0099-029,19-08-2024,29,59,Auto Debit,1342.26,38925.54,40267.8,Paid,CUST-0099_Cassi_Barrable.pdf,29
Cassi Barrable,4589 Hauk Place,Chicago,Illinois,60686,cbarrable2q@jiathis.com,312-381-7403,LOAN-0099,Home improvement,20049,79193.34,59,500%,TRX-LOAN-0099-030,18-09-2024,30,59,Auto Debit,1342.26,40267.8,38925.54,Paid,CUST-0099_Cassi_Barrable.pdf,30
Cassi Barrable,4589 Hauk Place,Chicago,Illinois,60686,cbarrable2q@jiathis.com,312-381-7403,LOAN-0099,Home improvement,20049,79193.34,59,500%,TRX-LOAN-0099-031,21-10-2024,31,59,Auto Debit,1342.26,41610.06,37583.28,Paid,CUST-0099_Cassi_Barrable.pdf,31
Cassi Barrable,4589 Hauk Place,Chicago,Illinois,60686,cbarrable2q@jiathis.com,312-381-7403,LOAN-0099,Home improvement,20049,79193.34,59,500%,TRX-LOAN-0099-032,21-11-2024,32,59,Virtual Account,1342.26,42952.32,36241.02,Paid,CUST-0099_Cassi_Barrable.pdf,32
Cassi Barrable,4589 Hauk Place,Chicago,Illinois,60686,cbarrable2q@jiathis.com,312-381-7403,LOAN-0099,Home improvement,20049,79193.34,59,500%,TRX-LOAN-0099-033,18-12-2024,33,59,Virtual Account,1342.26,44294.58,34898.76,Paid,CUST-0099_Cassi_Barrable.pdf,33
Cassi Barrable,4589 Hauk Place,Chicago,Illinois,60686,cbarrable2q@jiathis.com,312-381-7403,LOAN-0099,Home improvement,20049,79193.34,59,500%,TRX-LOAN-0099-034,19-01-2025,34,59,Bank Transfer,1342.26,45636.84,33556.5,Paid,CUST-0099_Cassi_Barrable.pdf,34
Cassi Barrable,4589 Hauk Place,Chicago,Illinois,60686,cbarrable2q@jiathis.com,312-381-7403,LOAN-0099,Home improvement,20049,79193.34,59,500%,TRX-LOAN-0099-035,21-02-2025,35,59,Bank Transfer,1342.26,46979.1,32214.24,Paid,CUST-0099_Cassi_Barrable.pdf,35
Cassi Barrable,4589 Hauk Place,Chicago,Illinois,60686,cbarrable2q@jiathis.com,312-381-7403,LOAN-0099,Home improvement,20049,79193.34,59,500%,TRX-LOAN-0099-036,17-03-2025,36,59,Bank Transfer,1342.26,48321.36,30871.98,Paid,CUST-0099_Cassi_Barrable.pdf,36
Cassi Barrable,4589 Hauk Place,Chicago,Illinois,60686,cbarrable2q@jiathis.com,312-381-7403,LOAN-0099,Home improvement,20049,79193.34,59,500%,TRX-LOAN-0099-037,19-04-2025,37,59,Virtual Account,1342.26,49663.62,29529.72,Paid,CUST-0099_Cassi_Barrable.pdf,37
Cassi Barrable,4589 Hauk Place,Chicago,Illinois,60686,cbarrable2q@jiathis.com,312-381-7403,LOAN-0099,Home improvement,20049,79193.34,59,500%,TRX-LOAN-0099-038,17-05-2025,38,59,Virtual Account,1342.26,51005.88,28187.46,Paid,CUST-0099_Cassi_Barrable.pdf,38
Cassi Barrable,4589 Hauk Place,Chicago,Illinois,60686,cbarrable2q@jiathis.com,312-381-7403,LOAN-0099,Home improvement,20049,79193.34,59,500%,TRX-LOAN-0099-039,20-06-2025,39,59,Auto Debit,1342.26,52348.14,26845.2,Paid,CUST-0099_Cassi_Barrable.pdf,39
Cassi Barrable,4589 Hauk Place,Chicago,Illinois,60686,cbarrable2q@jiathis.com,312-381-7403,LOAN-0099,Home improvement,20049,79193.34,59,500%,TRX-LOAN-0099-040,18-07-2025,40,59,Virtual Account,1342.26,53690.4,25502.94,Paid,CUST-0099_Cassi_Barrable.pdf,40
Cassi Barrable,4589 Hauk Place,Chicago,Illinois,60686,cbarrable2q@jiathis.com,312-381-7403,LOAN-0099,Home improvement,20049,79193.34,59,500%,TRX-LOAN-0099-041,18-08-2025,41,59,Bank Transfer,1342.26,55032.66,24160.68,Paid,CUST-0099_Cassi_Barrable.pdf,41
Cassi Barrable,4589 Hauk Place,Chicago,Illinois,60686,cbarrable2q@jiathis.com,312-381-7403,LOAN-0099,Home improvement,20049,79193.34,59,500%,TRX-LOAN-0099-042,21-09-2025,42,59,Auto Debit,1342.26,56374.92,22818.42,Paid,CUST-0099_Cassi_Barrable.pdf,42
Cassi Barrable,4589 Hauk Place,Chicago,Illinois,60686,cbarrable2q@jiathis.com,312-381-7403,LOAN-0099,Home improvement,20049,79193.34,59,500%,TRX-LOAN-0099-043,04-11-2025,43,59,Auto Debit,1342.26,57717.18,21476.16,Late,CUST-0099_Cassi_Barrable.pdf,43
Cassi Barrable,4589 Hauk Place,Chicago,Illinois,60686,cbarrable2q@jiathis.com,312-381-7403,LOAN-0099,Home improvement,20049,79193.34,59,500%,TRX-LOAN-0099-044,20-11-2025,44,59,Virtual Account,1342.26,59059.44,20133.9,Paid,CUST-0099_Cassi_Barrable.pdf,44
Cassi Barrable,4589 Hauk Place,Chicago,Illinois,60686,cbarrable2q@jiathis.com,312-381-7403,LOAN-0099,Home improvement,20049,79193.34,59,500%,TRX-LOAN-0099-045,20-12-2025,45,59,Auto Debit,1342.26,60401.7,18791.64,Paid,CUST-0099_Cassi_Barrable.pdf,45
Cassi Barrable,4589 Hauk Place,Chicago,Illinois,60686,cbarrable2q@jiathis.com,312-381-7403,LOAN-0099,Home improvement,20049,79193.34,59,500%,TRX-LOAN-0099-046,18-01-2026,46,59,Bank Transfer,1342.26,61743.96,17449.38,Paid,CUST-0099_Cassi_Barrable.pdf,46
Cassi Barrable,4589 Hauk Place,Chicago,Illinois,60686,cbarrable2q@jiathis.com,312-381-7403,LOAN-0099,Home improvement,20049,79193.34,59,500%,TRX-LOAN-0099-047,21-02-2026,47,59,Virtual Account,1342.26,63086.22,16107.12,Paid,CUST-0099_Cassi_Barrable.pdf,47
Cassi Barrable,4589 Hauk Place,Chicago,Illinois,60686,cbarrable2q@jiathis.com,312-381-7403,LOAN-0099,Home improvement,20049,79193.34,59,500%,TRX-LOAN-0099-048,18-03-2026,48,59,Auto Debit,1342.26,64428.48,14764.86,Paid,CUST-0099_Cassi_Barrable.pdf,48
Cassi Barrable,4589 Hauk Place,Chicago,Illinois,60686,cbarrable2q@jiathis.com,312-381-7403,LOAN-0099,Home improvement,20049,79193.34,59,500%,TRX-LOAN-0099-049,17-04-2026,49,59,Auto Debit,1342.26,65770.74,13422.6,Paid,CUST-0099_Cassi_Barrable.pdf,49
Cassi Barrable,4589 Hauk Place,Chicago,Illinois,60686,cbarrable2q@jiathis.com,312-381-7403,LOAN-0099,Home improvement,20049,79193.34,59,500%,TRX-LOAN-0099-050,19-05-2026,50,59,Auto Debit,1342.26,67113,12080.34,Paid,CUST-0099_Cassi_Barrable.pdf,50
Cassi Barrable,4589 Hauk Place,Chicago,Illinois,60686,cbarrable2q@jiathis.com,312-381-7403,LOAN-0099,Home improvement,20049,79193.34,59,500%,TRX-LOAN-0099-051,21-06-2026,51,59,Auto Debit,1342.26,68455.26,10738.08,Paid,CUST-0099_Cassi_Barrable.pdf,51
Cassi Barrable,4589 Hauk Place,Chicago,Illinois,60686,cbarrable2q@jiathis.com,312-381-7403,LOAN-0099,Home improvement,20049,79193.34,59,500%,TRX-LOAN-0099-052,19-07-2026,52,59,Virtual Account,1342.26,69797.52,9395.82,Paid,CUST-0099_Cassi_Barrable.pdf,52
